"子订单编号","主订单编号","标题","价格","购买数量","外部系统编号","商品属性","套餐信息","备注","订单状态","商家编码","支付单号","买家应付货款","买家实际支付金额","退款状态","退款金额","订单创建时间","订单付款时间"
="1487158287674777680",="1487158287674777680","Love to dream 新生婴儿睡袋襁褓防踢被四季通用防惊跳投降式睡袋","399.00","1","9343443000376","颜色分类：粉红色 (四季通用款) 1.0TOG;长度：【尺码详询客服】M码：4.5-7.5kg（约1-6个月）","null","null","交易关闭","9343443000376",="null","238.39","238.39","退款成功","238.39","2022-02-12 23:58:57","2022-02-12 23:59:05"
="2465745014646533040",="2465745014646533040","Love to dream 婴儿睡袋襁褓新生儿保暖睡袋防惊跳投降式睡袋","499.00","1","9343443002257","颜色分类：浅紫色 (秋冬季保暖款) 2.5TOG;长度：【建议大一码】M码：6-8.5kg (约3-6个月)","null","null","交易关闭","9343443002257",="null","204.63","204.63","退款成功","204.63","2022-02-12 23:36:15","2022-02-12 23:36:18"
="2465385589806130110",="2465385589806130110","Love to dream 新生婴儿睡袋襁褓防踢被四季通用防惊跳投降式睡袋","399.00","1","9343443000376","颜色分类：粉红色 (四季通用款) 1.0TOG;长度：【尺码详询客服】M码：4.5-7.5kg（约1-6个月）","null","null","买家已付款，等待卖家发货","9343443000376",="null","278.39","278.39","没有申请退款","无退款申请","2022-02-12 23:32:45","2022-02-12 23:32:49"
="2466336495401066424",="2466336495401066424","Love to dream 新生婴儿睡袋襁褓防踢被四季通用防惊跳投降式睡袋","499.00","1","9343443002257","颜色分类：浅紫色 (秋冬季保暖款) 2.5TOG;长度：【尺码详询客服】M码：4.5-7.5kg（约1-6个月）","null","null","等待买家付款","9343443002257",="null","0.00","0.00","没有申请退款","无退款申请","2022-02-12 23:16:12",""
="2464242192588468946",="2464242192588468946","Love to dream 新生婴儿睡袋襁褓防踢被四季通用防惊跳投降式睡袋","399.00","1","9343443000321","颜色分类：灰色（四季通用款）1.0TOG;长度：【尺码详询客服】L码：7.5-10kg（约3-9个月）","null","null","买家已付款，等待卖家发货","9343443000321",="null","258.39","258.39","没有申请退款","无退款申请","2022-02-12 23:00:24","2022-02-12 23:00:29"
="1487021809282115893",="1487021809282115893","Love to dream 新生婴儿睡袋竹纤维轻薄款防踢被防惊跳投降式睡姿","439.00","1","9343443005340","颜色分类：灰色星月 (竹纤维四季通用款) 1.0TOG;长度：【尺码详询客服】M码：6-8.5kg（约3-6个月）","null","null","买家已付款，等待卖家发货","9343443005340",="null","306.52","306.52","没有申请退款","无退款申请","2022-02-12 22:47:50","2022-02-12 22:48:04"
="2465323777278027730",="2465323777278027730","Love to dream 新生婴儿睡袋襁褓防踢被四季通用防惊跳投降式睡袋","399.00","1","9343443100953","颜色分类：蓝色 (四季通用款) 1.0TOG;长度：【尺码详询客服】L码：7.5-10kg（约3-9个月）","null","null","买家已付款，等待卖家发货","9343443100953",="null","287.00","287.00","没有申请退款","无退款申请","2022-02-12 22:45:46","2022-02-12 22:46:00"
="1486162956950115893",="1486162956950115893","Love to dream 新生婴儿睡袋襁褓防踢被四季通用防惊跳投降式睡袋","399.00","1","9343443000321","颜色分类：灰色（四季通用款）1.0TOG;长度：【尺码详询客服】L码：7.5-10kg（约3-9个月）","null","null","买家已付款，等待卖家发货","9343443000321",="null","278.39","278.39","没有申请退款","无退款申请","2022-02-12 22:45:01","2022-02-12 22:45:25"
="2466274791428765501",="2466274791428765501","Love to dream 新生婴儿睡袋竹纤维轻薄款防踢被防惊跳投降式睡姿","439.00","1","9343443005340","颜色分类：灰色星月 (竹纤维四季通用款) 1.0TOG;长度：【尺码详询客服】M码：6-8.5kg（约3-6个月）","null","null","买家已付款，等待卖家发货","9343443005340",="null","306.52","306.52","没有申请退款","无退款申请","2022-02-12 22:33:53","2022-02-12 22:34:00"
="2465630462593446210",="2465630462593446210","Love to dream 新生婴儿睡袋襁褓防踢被四季通用防惊跳投降式睡袋","499.00","1","9343443004787","颜色分类：灰色（秋冬季保暖款）2.5TOG;长度：【尺码详询客服】L码：7.5-10kg（约3-9个月）","null","null","买家已付款，等待卖家发货","9343443004787",="null","173.63","173.63","没有申请退款","无退款申请","2022-02-12 22:19:58","2022-02-12 22:20:02"
="1487113611538280091",="1487113611538280091","Love to dream 新生婴儿睡袋襁褓防踢被四季通用防惊跳投降式睡袋","499.00","1","9343443002042","颜色分类：绿松色 (秋冬季保暖款) 2.5TOG;长度：【尺码详询客服】M码：4.5-7.5kg（约1-6个月）","null","null","买家已付款，等待卖家发货","9343443002042",="null","123.63","123.63","没有申请退款","无退款申请","2022-02-12 22:17:18","2022-02-12 22:18:05"
="1486147080092400384",="1486147080092400384","Love to dream 新生婴儿睡袋襁褓防踢被四季通用防惊跳投降式睡袋","399.00","1","9343443100953","颜色分类：蓝色 (四季通用款) 1.0TOG;长度：【尺码详询客服】L码：7.5-10kg（约3-9个月）","null","null","买家已付款，等待卖家发货","9343443100953",="null","244.66","244.66","没有申请退款","无退款申请","2022-02-12 22:13:45","2022-02-12 22:13:51"
="2466228711653041261",="2466228711653041261","Love to dream 新生婴儿睡袋襁褓防踢被四季通用防惊跳投降式睡袋","399.00","1","9343443000376","颜色分类：粉红色 (四季通用款) 1.0TOG;长度：【尺码详询客服】M码：4.5-7.5kg（约1-6个月）","null","null","交易关闭","9343443000376",="null","247.00","247.00","退款成功","247.00","2022-02-12 22:05:42","2022-02-12 22:05:47"
="1486140672150780484",="1486140672150780484","lovetodream过渡期竹纤维四季通用款襁褓防惊跳投降式睡袋","509.00","1","9343443101721","颜色分类：灰色星月（竹纤维四季通用款）1.0TOG;长度：【尺码详询客服】L码：8.5-11kg (约6-9个月)","null","null","买家已付款，等待卖家发货","9343443101721",="null","315.02","291.40","没有申请退款","无退款申请","2022-02-12 22:02:10","2022-02-12 22:02:17"
="1486138620894184877",="1486138620894184877","Love to dream 婴幼儿过渡期睡袋 秋冬季保暖款防惊跳投降式睡袋","539.00","1","9343443006026","颜色分类：浅紫色(秋冬季保暖款) 2.5TOG;长度：【尺码详询客服】M码：6-8.5kg (约3-6个月)","null","null","交易关闭","9343443006026",="null","181.16","181.16","退款成功","181.16","2022-02-12 22:01:20","2022-02-12 22:01:33"
="1487099859723222977",="1487099859723222977","Love to dream 新生婴儿睡袋襁褓防踢被四季通用防惊跳投降式睡袋","399.00","1","9343443000376","颜色分类：粉红色 (四季通用款) 1.0TOG;长度：【尺码详询客服】M码：4.5-7.5kg（约1-6个月）","null","null","买家已付款，等待卖家发货","9343443000376",="null","284.06","284.06","没有申请退款","无退款申请","2022-02-12 21:53:47","2022-02-12 21:53:52"
="2466198939814615434",="2466198939814615434","Love to dream 新生婴儿睡袋竹纤维轻薄款防踢被防惊跳投降式睡姿","439.00","1","9343443005340","颜色分类：灰色星月 (竹纤维四季通用款) 1.0TOG;长度：【尺码详询客服】M码：6-8.5kg（约3-6个月）","null","null","买家已付款，等待卖家发货","9343443005340",="null","316.00","316.00","没有申请退款","无退款申请","2022-02-12 21:48:54","2022-02-12 21:48:57"
="2464110900550935816",="2464110900550935816","Love to dream 新生婴儿睡袋襁褓防踢被四季通用防惊跳投降式睡袋","499.00","1","9343443005920","颜色分类：粉红色 (秋冬季保暖款) 2.5TOG;长度：【尺码详询客服】M码：4.5-7.5kg（约1-6个月）","null","null","买家已付款，等待卖家发货","9343443005920",="null","178.19","178.19","没有申请退款","无退款申请","2022-02-12 21:40:44","2022-02-12 21:40:48"
="1486982317356249793",="1486982317356249793","Love to dream 婴儿睡袋襁褓四季通用款防踢被防惊跳投降式睡袋","509.00","1","9343443000840","颜色分类：灰色（四季通用款）1.0TOG;长度：【尺码详询客服】L码：8.5-11kg (约6-9个月)","null","null","买家已付款，等待卖家发货","9343443000840",="null","315.02","315.02","没有申请退款","无退款申请","2022-02-12 21:36:09","2022-02-12 21:36:22"
="1486118460273912296",="1486118460273912296","Love to dream 新生婴儿睡袋襁褓防踢被四季通用防惊跳投降式睡袋","499.00","1","9343443002257","颜色分类：浅紫色 (秋冬季保暖款) 2.5TOG;长度：【尺码详询客服】M码：4.5-7.5kg（约1-6个月）","null","null","买家已付款，等待卖家发货","9343443002257",="null","173.63","173.63","没有申请退款","无退款申请","2022-02-12 21:25:18","2022-02-12 21:25:25"
="1487083443118319996",="1487083443118319996","Love to dream 新生婴儿睡袋竹纤维轻薄款防踢被防惊跳投降式睡姿","439.00","1","9343443005340","颜色分类：灰色星月 (竹纤维四季通用款) 1.0TOG;长度：【尺码详询客服】M码：6-8.5kg（约3-6个月）","null","null","买家已付款，等待卖家发货","9343443005340",="null","274.96","274.96","没有申请退款","无退款申请","2022-02-12 21:24:19","2022-02-12 21:24:26"
="1487017058949878086",="1487017058949878086","Love to dream 新生婴儿睡袋襁褓防踢被四季通用防惊跳投降式睡袋","499.00","1","9343443005920","颜色分类：粉红色 (秋冬季保暖款) 2.5TOG;长度：【尺码详询客服】M码：4.5-7.5kg（约1-6个月）","null","null","买家已付款，等待卖家发货","9343443005920",="null","138.27","138.27","没有申请退款","无退款申请","2022-02-12 21:20:29","2022-02-12 21:20:32"
="2465521058200361635",="2465521058200361635","Love to dream 新生婴儿睡袋襁褓防踢被四季通用防惊跳投降式睡袋","499.00","1","9343443002042","颜色分类：绿松色 (秋冬季保暖款) 2.5TOG;长度：【尺码详询客服】M码：4.5-7.5kg（约1-6个月）","null","null","买家已付款，等待卖家发货","9343443002042",="null","133.63","133.63","没有申请退款","无退款申请","2022-02-12 21:17:53","2022-02-12 21:18:01"
="2466142707282808971",="2466142707282808971","Love to dream 新生婴儿睡袋襁褓防踢被四季通用防惊跳投降式睡袋","399.00","1","9343443000321","颜色分类：灰色（四季通用款）1.0TOG;长度：【尺码详询客服】L码：7.5-10kg（约3-9个月）","null","null","交易关闭","9343443000321",="null","283.15","283.15","退款成功","283.15","2022-02-12 21:17:09","2022-02-12 21:17:12"
="2466136335113464528",="2466136335113464528","Love to dream 新生婴儿睡袋襁褓防踢被四季通用防惊跳投降式睡袋","399.00","1","9343443000345","颜色分类：蓝色 (四季通用款) 1.0TOG;长度：【尺码详询客服】M码：4.5-7.5kg（约1-6个月）","null","null","买家已付款，等待卖家发货","9343443000345",="null","278.39","278.39","没有申请退款","无退款申请","2022-02-12 21:13:21","2022-02-12 21:13:25"
="2465152633039643014",="2465152633039643014","Love to dream 新生婴儿睡袋襁褓防踢被四季通用防惊跳投降式睡袋","399.00","1","9343443000345","颜色分类：蓝色 (四季通用款) 1.0TOG;长度：【尺码详询客服】M码：4.5-7.5kg（约1-6个月）","null","null","买家已付款，等待卖家发货","9343443000345",="null","246.87","246.87","没有申请退款","无退款申请","2022-02-12 21:11:48","2022-02-12 21:11:55"
="1487010938535848491",="1487010938535848491","Love to dream 新生婴儿睡袋襁褓防踢被四季通用防惊跳投降式睡袋","499.00","1","9343443002042","颜色分类：绿松色 (秋冬季保暖款) 2.5TOG;长度：【尺码详询客服】M码：4.5-7.5kg（约1-6个月）","null","null","买家已付款，等待卖家发货","9343443002042",="null","133.63","133.63","没有申请退款","无退款申请","2022-02-12 21:07:45","2022-02-12 21:07:53"
="2466103359260034835",="2466103359260034835","lovetodream婴儿睡袋过渡期独立睡眠期四季通用款防踢被分腿睡袋","569.00","1","9343443003704","颜色分类：蓝色（四季通用款）1.0 TOG;长度：【建议大一码】Size 2码：24-36个月","null","null","买家已付款，等待卖家发货","9343443003704",="null","237.77","237.77","没有申请退款","无退款申请","2022-02-12 20:57:08","2022-02-12 20:57:11"
="2465105545492009555",="2465105545492009555","Love to dream 新生婴儿睡袋襁褓防踢被四季通用防惊跳投降式睡袋","399.00","1","9343443000345","颜色分类：蓝色 (四季通用款) 1.0TOG;长度：【尺码详询客服】M码：4.5-7.5kg（约1-6个月）","null","null","买家已付款，等待卖家发货","9343443000345",="null","278.39","278.39","没有申请退款","无退款申请","2022-02-12 20:50:17","2022-02-12 20:50:30"
="2465451398565970259",="2465451398565970259","Love to dream 新生婴儿睡袋襁褓防踢被四季通用防惊跳投降式睡袋","399.00","1","9343443000376","颜色分类：粉红色 (四季通用款) 1.0TOG;长度：【尺码详询客服】M码：4.5-7.5kg（约1-6个月）","null","null","买家已付款，等待卖家发货","9343443000376",="null","246.78","246.78","没有申请退款","无退款申请","2022-02-12 20:43:22","2022-02-12 20:43:27"
="2466015483592386714",="2466015483592386714","Love to dream 婴儿睡袋襁褓四季通用款防踢被防惊跳投降式睡袋","509.00","1","9343443000840","颜色分类：灰色（四季通用款）1.0TOG;长度：【尺码详询客服】L码：8.5-11kg (约6-9个月)","null","null","买家已付款，等待卖家发货","9343443000840",="null","315.02","315.02","没有申请退款","无退款申请","2022-02-12 20:14:56","2022-02-12 20:15:04"
="2465395022080233218",="2465395022080233218","lovetodream婴儿睡袋一体式分腿宝宝睡袋防踢被连体睡袋哈衣爬服","329.00","1","9343443102346","颜色分类：灰色;长度：【尺码详询客服】XL码：11-14kg (约12-18个月)","null","null","买家已付款，等待卖家发货","9343443102346",="null","237.24","237.24","没有申请退款","无退款申请","2022-02-12 20:14:41","2022-02-12 20:14:45"
="2463936264613233218",="2463936264613233218","lovetodream婴儿睡袋一体式分腿宝宝睡袋防踢被连体睡袋哈衣爬服","329.00","1","9343443102346","颜色分类：灰色;长度：【尺码详询客服】XL码：11-14kg (约12-18个月)","null","null","交易关闭","9343443102346",="null","257.24","257.24","退款成功","257.24","2022-02-12 20:11:45","2022-02-12 20:11:50"
="2463929280009883562",="2463929280009883562","Love to dream 新生婴儿睡袋襁褓防踢被四季通用防惊跳投降式睡袋","399.00","1","9343443100953","颜色分类：蓝色 (四季通用款) 1.0TOG;长度：【尺码详询客服】L码：7.5-10kg（约3-9个月）","null","null","买家已付款，等待卖家发货","9343443100953",="null","247.00","247.00","没有申请退款","无退款申请","2022-02-12 20:06:35","2022-02-12 20:06:41"
="2463900624928963043",="2463900624928963043","Love to dream 新生婴儿睡袋襁褓防踢被四季通用防惊跳投降式睡袋","399.00","1","9343443000345","颜色分类：蓝色 (四季通用款) 1.0TOG;长度：【尺码详询客服】M码：4.5-7.5kg（约1-6个月）","null","null","买家已付款，等待卖家发货","9343443000345",="null","287.00","287.00","没有申请退款","无退款申请","2022-02-12 19:54:51","2022-02-12 19:55:00"
="2464992073129864131",="2464992073129864131","Love to dream新生婴儿睡袋襁褓防踢被四季通用防惊跳投降式","399.00","1","9343443000376","颜色分类：粉红色 (四季通用款) 1.0TOG;长度：【蓝色m码暂不发货，勿拍】M码：6-8.5kg（约3-6个月）","null","口水巾","买家已付款，等待卖家发货","9343443000376",="null","228.39","228.39","没有申请退款","无退款申请","2022-02-12 19:53:36","2022-02-12 19:53:45"
="1487027247912787794",="1487027247911787794","lovetodream婴儿睡袋襁褓分腿睡袋四季通用款防惊跳投降式睡袋","499.00","1","9343443005494","颜色分类：粉红色（四季通用款） 1.0TOG;长度：【建议大一码】M码：6-8.5kg (约3-6个月)","null","null","买家已付款，等待卖家发货","9343443005494",="null","348.23","348.23","没有申请退款","无退款申请","2022-02-12 19:51:18","2022-02-12 19:51:24"
="1487027247913787794",="1487027247911787794","lovetodream婴儿睡袋一体式分腿宝宝睡袋防踢被连体睡袋哈衣爬服","329.00","1","9343443100649","颜色分类：兔子花色;长度：【尺码详询客服】M码：6-8.5kg（约3-6个月）","null","null","买家已付款，等待卖家发货","9343443100649",="null","250.26","250.26","没有申请退款","无退款申请","2022-02-12 19:51:18","2022-02-12 19:51:24"
="2463883272776302463",="2463883272776302463","Love to dream 新生婴儿睡袋襁褓防踢被四季通用防惊跳投降式睡袋","399.00","1","9343443000369","颜色分类：粉红色 (四季通用款) 1.0TOG;长度：【尺码详询客服】S码：2.5-4.5kg（约0-1个月）","null","null","买家已付款，等待卖家发货","9343443000369",="null","238.39","238.39","没有申请退款","无退款申请","2022-02-12 19:47:39","2022-02-12 19:47:46"
="1486957658312049994",="1486957658312049994","Love to dream 新生婴儿睡袋襁褓防踢被四季通用防惊跳投降式睡袋","399.00","1","9343443000376","颜色分类：粉红色 (四季通用款) 1.0TOG;长度：【尺码详询客服】M码：4.5-7.5kg（约1-6个月）","null","null","买家已付款，等待卖家发货","9343443000376",="null","281.49","281.49","没有申请退款","无退款申请","2022-02-12 19:37:44","2022-02-12 19:37:52"
="1486054524054179581",="1486054524054179581","Love to dream 新生婴儿睡袋襁褓防踢被四季通用防惊跳投降式睡袋","399.00","1","9343443100915","颜色分类：粉红色 (四季通用款) 1.0TOG;长度：【尺码详询客服】L码：7.5-10kg（约3-9个月）","null","null","买家已付款，等待卖家发货","9343443100915",="null","238.39","220.52","没有申请退款","无退款申请","2022-02-12 19:37:20","2022-02-12 19:37:46"
="2463857316757391225",="2463857316756391225","Love to dream 新生婴儿睡袋襁褓防踢被四季通用防惊跳投降式睡袋","399.00","1","9343443000376","颜色分类：粉红色 (四季通用款) 1.0TOG;长度：【尺码详询客服】M码：4.5-7.5kg（约1-6个月）","null","null","买家已付款，等待卖家发货","9343443000376",="null","278.39","278.39","没有申请退款","无退款申请","2022-02-12 19:33:38","2022-02-12 19:33:49"
="2463857316758391225",="2463857316756391225","Love to dream 新生婴儿睡袋襁褓防踢被四季通用防惊跳投降式睡袋","499.00","1","9343443005920","颜色分类：粉红色 (秋冬季保暖款) 2.5TOG;长度：【尺码详询客服】M码：4.5-7.5kg（约1-6个月）","null","null","买家已付款，等待卖家发货","9343443005920",="null","173.63","173.63","没有申请退款","无退款申请","2022-02-12 19:33:38","2022-02-12 19:33:49"
="1486955246290729680",="1486955246290729680","Love to dream 新生婴儿睡袋襁褓防踢被四季通用防惊跳投降式睡袋","399.00","1","9343443000307","颜色分类：灰色（四季通用款）1.0TOG;长度：【尺码详询客服】S码：2.5-4.5kg（约0-1个月）","null","null","买家已付款，等待卖家发货","9343443000307",="null","238.39","238.39","没有申请退款","无退款申请","2022-02-12 19:33:34","2022-02-12 19:33:38"
="1486909417296987881",="1486909417296987881","Love to dream 婴幼儿过渡期睡袋 秋冬季保暖款防惊跳投降式睡袋","539.00","1","9343443006026","颜色分类：浅紫色(秋冬季保暖款) 2.5TOG;长度：【尺码详询客服】M码：6-8.5kg (约3-6个月)","null","null","等待买家付款","9343443006026",="null","0.00","0.00","没有申请退款","无退款申请","2022-02-12 19:31:34",""
="2463823116983554273",="2463823116983554273","Love to dream 新生婴儿睡袋襁褓防踢被四季通用防惊跳投降式睡袋","399.00","1","9343443000321","颜色分类：灰色（四季通用款）1.0TOG;长度：【尺码详询客服】L码：7.5-10kg（约3-9个月）","null","null","买家已付款，等待卖家发货","9343443000321",="null","283.32","283.32","没有申请退款","无退款申请","2022-02-12 19:18:20","2022-02-12 19:18:28"
="1486018560478810680",="1486018560478810680","lovetodream过渡期竹纤维四季通用款襁褓防惊跳投降式睡袋","509.00","1","9343443009621","颜色分类：灰色波点（竹纤维四季通用款）1.0TOG;长度：【尺码详询客服】M码：6-8.5kg (约3-6个月)","null","null","买家已付款，等待卖家发货","9343443009621",="null","343.68","343.68","没有申请退款","无退款申请","2022-02-12 18:40:45","2022-02-12 18:40:50"
="2464797673697153453",="2464797673697153453","Love to dream 新生婴儿睡袋襁褓防踢被四季通用防惊跳投降式睡袋","499.00","1","9343443005920","颜色分类：粉红色 (秋冬季保暖款) 2.5TOG;长度：【尺码详询客服】M码：4.5-7.5kg（约1-6个月）","null","null","买家已付款，等待卖家发货","9343443005920",="null","139.00","139.00","没有申请退款","无退款申请","2022-02-12 18:22:50","2022-02-12 18:22:56"
="2464745041951940452",="2464745041951940452","Love to dream 新生婴儿睡袋襁褓防踢被四季通用防惊跳投降式睡袋","399.00","1","9343443100915","颜色分类：粉红色 (四季通用款) 1.0TOG;长度：【尺码详询客服】L码：7.5-10kg（约3-9个月）","null","null","买家已付款，等待卖家发货","9343443100915",="null","238.39","238.39","没有申请退款","无退款申请","2022-02-12 18:00:42","2022-02-12 18:00:46"
="2464718725063673953",="2464718725063673953","Love to dream 婴儿睡袋襁褓四季通用款防踢被防惊跳投降式睡袋","509.00","1","9343443000857","颜色分类：灰色（四季通用款）1.0TOG;长度：【尺码详询客服】XL码：11-14kg (约9-12个月)","null","null","买家已付款，等待卖家发货","9343443000857",="null","315.15","315.15","没有申请退款","无退款申请","2022-02-12 17:46:59","2022-02-12 17:47:05"
="1486843393349740377",="1486843393349740377","Love to dream 新生婴儿睡袋襁褓防踢被四季通用防惊跳投降式睡袋","499.00","1","9343443004787","颜色分类：灰色（秋冬季保暖款）2.5TOG;长度：【尺码详询客服】L码：7.5-10kg（约3-9个月）","null","null","买家已付款，等待卖家发货","9343443004787",="null","133.63","133.63","没有申请退款","无退款申请","2022-02-12 17:46:59","2022-02-12 17:47:03"
="2463594660133826209",="2463594660133826209","Love to dream 新生婴儿睡袋襁褓防踢被四季通用防惊跳投降式睡袋","499.00","1","9343443005920","颜色分类：粉红色 (秋冬季保暖款) 2.5TOG;长度：【尺码详询客服】M码：4.5-7.5kg（约1-6个月）","null","null","买家已付款，等待卖家发货","9343443005920",="null","173.63","173.63","没有申请退款","无退款申请","2022-02-12 17:32:59","2022-02-12 17:33:06"
="2463578280242440118",="2463578280242440118","Love to dream 新生婴儿睡袋襁褓防踢被四季通用防惊跳投降式睡袋","499.00","1","9343443005920","颜色分类：粉红色 (秋冬季保暖款) 2.5TOG;长度：【尺码详询客服】M码：4.5-7.5kg（约1-6个月）","null","null","卖家已发货，等待买家确认","9343443005920",="null","179.00","179.00","没有申请退款","无退款申请","2022-02-12 17:26:11","2022-02-12 17:26:16"
="1486933287876853275",="1486933287876853275","Love to dream 婴幼儿过渡期睡袋 秋冬季保暖款防惊跳投降式睡袋","539.00","1","9343443006026","颜色分类：浅紫色(秋冬季保暖款) 2.5TOG;长度：【尺码详询客服】M码：6-8.5kg (约3-6个月)","null","null","卖家已发货，等待买家确认","9343443006026",="null","225.89","225.89","没有申请退款","无退款申请","2022-02-12 17:22:25","2022-02-12 17:22:37"
="1486927095889678480",="1486927095889678480","Love to dream 新生婴儿睡袋襁褓防踢被四季通用防惊跳投降式睡袋","499.00","1","9343443005920","颜色分类：粉红色 (秋冬季保暖款) 2.5TOG;长度：【尺码详询客服】M码：4.5-7.5kg（约1-6个月）","null","null","卖家已发货，等待买家确认","9343443005920",="null","133.63","133.63","没有申请退款","无退款申请","2022-02-12 17:13:39","2022-02-12 17:13:45"
="2464634305123762044",="2464634305123762044","Love to dream 新生婴儿睡袋襁褓防踢被四季通用防惊跳投降式睡袋","399.00","1","9343443000376","颜色分类：粉红色 (四季通用款) 1.0TOG;长度：【尺码详询客服】M码：4.5-7.5kg（约1-6个月）","null","null","卖家已发货，等待买家确认","9343443000376",="null","283.36","283.36","没有申请退款","无退款申请","2022-02-12 17:10:29","2022-02-12 17:10:56"
="2464633405060855671",="2464633405060855671","Love to dream 新生婴儿睡袋襁褓防踢被四季通用防惊跳投降式睡袋","399.00","1","9343443000345","颜色分类：蓝色 (四季通用款) 1.0TOG;长度：【尺码详询客服】M码：4.5-7.5kg（约1-6个月）","null","null","卖家已发货，等待买家确认","9343443000345",="null","238.39","238.39","没有申请退款","无退款申请","2022-02-12 17:09:51","2022-02-12 17:10:03"
="2465604111451096372",="2465604111451096372","Love to dream 婴儿睡袋襁褓四季通用款防踢被防惊跳投降式睡袋","509.00","1","9343443000840","颜色分类：灰色（四季通用款）1.0TOG;长度：【尺码详询客服】L码：8.5-11kg (约6-9个月)","null","null","卖家已发货，等待买家确认","9343443000840",="null","332.40","332.40","没有申请退款","无退款申请","2022-02-12 17:06:02","2022-02-12 17:06:06"
="2464918994274273069",="2464918994274273069","Love to dream 新生婴儿睡袋竹纤维轻薄款防踢被防惊跳投降式睡姿","439.00","1","9343443005340","颜色分类：灰色星月 (竹纤维四季通用款) 1.0TOG;长度：【尺码详询客服】M码：6-8.5kg（约3-6个月）","null","null","卖家已发货，等待买家确认","9343443005340",="null","266.52","246.54","没有申请退款","无退款申请","2022-02-12 16:39:35","2022-02-12 16:39:39"
="2464551721754551552",="2464551721754551552","Love to dream 新生婴儿睡袋襁褓防踢被四季通用防惊跳投降式睡袋","399.00","1","9343443000345","颜色分类：蓝色 (四季通用款) 1.0TOG;长度：【尺码详询客服】M码：4.5-7.5kg（约1-6个月）","null","null","卖家已发货，等待买家确认","9343443000345",="null","286.97","286.97","没有申请退款","无退款申请","2022-02-12 16:35:40","2022-02-12 16:42:40"
="2463449724203506112",="2463449724203506112","Love to dream 新生婴儿睡袋襁褓防踢被四季通用防惊跳投降式睡袋","399.00","1","9343443000321","颜色分类：灰色（四季通用款）1.0TOG;长度：【尺码详询客服】L码：7.5-10kg（约3-9个月）","null","null","卖家已发货，等待买家确认","9343443000321",="null","278.39","278.39","没有申请退款","无退款申请","2022-02-12 16:30:43","2022-02-12 16:30:47"
="2465496435114450729",="2465496435114450729","Love to dream 新生婴儿睡袋襁褓防踢被四季通用防惊跳投降式睡袋","399.00","1","9343443000314","颜色分类：灰色（四季通用款）1.0TOG;长度：【尺码详询客服】M码：4.5-7.5kg（约1-6个月）","null","null","卖家已发货，等待买家确认","9343443000314",="null","283.24","283.24","没有申请退款","无退款申请","2022-02-12 16:16:51","2022-02-12 16:16:57"
="2464865354499153871",="2464865354499153871","Lovetodream 新生婴儿防惊跳睡袋宝宝襁褓投降式防踢被四季通用款","399.00","1","9343443000321","颜色分类：灰色（四季通用款）1.0TOG;长度：【尺码详询客服】L码：7.5-10kg（约3-9个月）","null","null","卖家已发货，等待买家确认","9343443000321",="null","286.93","286.93","没有申请退款","无退款申请","2022-02-12 16:15:52","2022-02-12 16:15:58"
="2465469579480463134",="2465469579480463134","Love to dream 婴儿睡袋襁褓四季通用款防踢被防惊跳投降式睡袋","509.00","1","9343443000833","颜色分类：灰色（四季通用款）1.0TOG;长度：【尺码详询客服】M码：6-8.5kg (约3-6个月)","null","null","卖家已发货，等待买家确认","9343443000833",="null","366.00","366.00","没有申请退款","无退款申请","2022-02-12 16:04:29","2022-02-12 16:04:35"
="1486810202586597575",="1486810202586597575","Love to dream 新生婴儿睡袋襁褓防踢被四季通用防惊跳投降式睡袋","399.00","1","9343443000345","颜色分类：蓝色 (四季通用款) 1.0TOG;长度：【尺码详询客服】M码：4.5-7.5kg（约1-6个月）","null","null","卖家已发货，等待买家确认","9343443000345",="null","278.39","278.39","没有申请退款","无退款申请","2022-02-12 15:49:37","2022-02-12 15:49:42"
="2465425623366463134",="2465425623366463134","lovetodream婴儿睡袋儿童防踢被四季通款宝宝睡袋新生婴儿防惊跳","439.00","1","9343443102070","颜色分类：虎年老虎款(四季通用款) 1.0TOG;长度：【尺码详询客服】M码：6-8.5kg（约3-6个月）","null","null","交易关闭","9343443102070",="null","311.73","311.73","退款成功","311.73","2022-02-12 15:45:04","2022-02-12 15:45:10"
="2465410611541880742",="2465410611541880742","Love to dream 新生婴儿睡袋襁褓防踢被四季通用防惊跳投降式睡袋","399.00","1","9343443000376","颜色分类：粉红色 (四季通用款) 1.0TOG;长度：【尺码详询客服】M码：4.5-7.5kg（约1-6个月）","null","null","卖家已发货，等待买家确认","9343443000376",="null","278.39","278.39","没有申请退款","无退款申请","2022-02-12 15:38:32","2022-02-12 15:38:48"
="2464761890143528023",="2464761890143528023","Love to dream 新生婴儿睡袋襁褓防踢被四季通用防惊跳投降式睡袋","499.00","1","9343443002257","颜色分类：浅紫色 (秋冬季保暖款) 2.5TOG;长度：【尺码详询客服】M码：4.5-7.5kg（约1-6个月）","null","null","卖家已发货，等待买家确认","9343443002257",="null","179.00","179.00","没有申请退款","无退款申请","2022-02-12 15:26:20","2022-02-12 15:26:24"
="2463261984450103639",="2463261984450103639","Love to dream 新生婴儿睡袋襁褓防踢被四季通用防惊跳投降式睡袋","399.00","1","9343443000321","颜色分类：灰色（四季通用款）1.0TOG;长度：【尺码详询客服】L码：7.5-10kg（约3-9个月）","null","null","卖家已发货，等待买家确认","9343443000321",="null","258.39","258.39","没有申请退款","无退款申请","2022-02-12 15:03:51","2022-02-12 15:03:55"
="2463224940537826525",="2463224940537826525","Love to dream 新生婴儿睡袋襁褓防踢被四季通用防惊跳投降式睡袋","399.00","1","9343443000321","颜色分类：灰色（四季通用款）1.0TOG;长度：【尺码详询客服】L码：7.5-10kg（约3-9个月）","null","null","卖家已发货，等待买家确认","9343443000321",="null","286.13","286.13","没有申请退款","无退款申请","2022-02-12 14:46:23","2022-02-12 14:46:27"
="2464669226259518072",="2464669226259518072","Love to dream 新生婴儿睡袋襁褓防踢被四季通用防惊跳投降式睡袋","399.00","1","9343443000376","颜色分类：粉红色 (四季通用款) 1.0TOG;长度：【尺码详询客服】M码：4.5-7.5kg（约1-6个月）","null","null","卖家已发货，等待买家确认","9343443000376",="null","238.39","238.39","没有申请退款","无退款申请","2022-02-12 14:43:17","2022-02-12 14:43:20"
="2465226579439200514",="2465226579439200514","Love to dream 婴儿睡袋襁褓四季通用款防踢被防惊跳投降式睡袋","509.00","1","9343443000840","颜色分类：灰色（四季通用款）1.0TOG;长度：【尺码详询客服】L码：8.5-11kg (约6-9个月)","null","null","卖家已发货，等待买家确认","9343443000840",="null","315.02","315.02","没有申请退款","无退款申请","2022-02-12 14:08:04","2022-02-12 14:08:10"
="2464235713728809361",="2464235713728809361","Love to dream 新生婴儿睡袋竹纤维轻薄款防踢被防惊跳投降式睡姿","439.00","1","9343443005333","颜色分类：灰色星月 (竹纤维四季通用款) 1.0TOG;长度：【尺码详询客服】S码：3.5-6kg（约1-3个月）","null","null","卖家已发货，等待买家确认","9343443005333",="null","306.95","306.95","没有申请退款","无退款申请","2022-02-12 14:05:16","2022-02-12 14:05:23"
="2463134508637268440",="2463134508636268440","Love to dream 婴儿襁褓睡袋过渡期可拆袖春季款分腿式睡袋","499.00","1","9343443006668","颜色分类：白色 (春夏轻薄款) 0.2TOG;长度：【尺码详询客服】L码：8.5-11kg (约6-9个月)","null","null","卖家已发货，等待买家确认","9343443006668",="null","353.61","353.61","没有申请退款","无退款申请","2022-02-12 14:02:32","2022-02-12 14:02:38"
="2463134508638268440",="2463134508636268440","lovetodream婴儿宝宝过渡期睡袋春夏轻薄款襁褓防惊跳投降式睡姿","509.00","1","9343443006811","颜色分类：白色（春夏轻薄款）0.2TOG;长度：【尺码详询客服】L码：8.5-11kg (约6-9个月)","null","null","卖家已发货，等待买家确认","9343443006811",="null","360.51","360.51","没有申请退款","无退款申请","2022-02-12 14:02:32","2022-02-12 14:02:38"
="2464561046280305134",="2464561046280305134","Love to dream 新生婴儿睡袋襁褓防踢被四季通用防惊跳投降式睡袋","399.00","1","9343443000376","颜色分类：粉红色 (四季通用款) 1.0TOG;长度：【尺码详询客服】M码：4.5-7.5kg（约1-6个月）","null","null","卖家已发货，等待买家确认","9343443000376",="null","287.00","287.00","没有申请退款","无退款申请","2022-02-12 13:52:33","2022-02-12 13:52:38"
="2464190569322273069",="2464190569322273069","Love to dream 新生婴儿睡袋襁褓防踢被四季通用防惊跳投降式睡袋","399.00","1","9343443000376","颜色分类：粉红色 (四季通用款) 1.0TOG;长度：【尺码详询客服】M码：4.5-7.5kg（约1-6个月）","null","null","交易关闭","9343443000376",="null","278.39","257.52","退款成功","278.39","2022-02-12 13:42:14","2022-02-12 13:42:21"
="1485828084875733894",="1485828084875733894","Love to dream 新生婴儿睡袋襁褓防踢被四季通用防惊跳投降式睡袋","499.00","1","9343443002042","颜色分类：绿松色 (秋冬季保暖款) 2.5TOG;长度：【尺码详询客服】M码：4.5-7.5kg（约1-6个月）","null","null","卖家已发货，等待买家确认","9343443002042",="null","173.63","173.63","没有申请退款","无退款申请","2022-02-12 13:40:19","2022-02-12 13:40:24"
="1486731650497380779",="1486731650497380779","Love to dream 新生婴儿睡袋襁褓防踢被四季通用防惊跳投降式睡袋","499.00","1","9343443002042","颜色分类：绿松色 (秋冬季保暖款) 2.5TOG;长度：【尺码详询客服】M码：4.5-7.5kg（约1-6个月）","null","请检查好质量谢谢","卖家已发货，等待买家确认","9343443002042",="null","133.63","133.63","没有申请退款","无退款申请","2022-02-12 13:38:15","2022-02-12 13:38:46"
="2464526630376266622",="2464526630376266622","Love to dream 新生婴儿睡袋襁褓防踢被四季通用防惊跳投降式睡袋","499.00","1","9343443002042","颜色分类：绿松色 (秋冬季保暖款) 2.5TOG;长度：【尺码详询客服】M码：4.5-7.5kg（约1-6个月）","null","null","卖家已发货，等待买家确认","9343443002042",="null","133.63","133.63","没有申请退款","无退款申请","2022-02-12 13:35:23","2022-02-12 13:35:28"
="1486682797690261497",="1486682797690261497","Love to dream 新生婴儿睡袋襁褓防踢被四季通用防惊跳投降式睡袋","499.00","1","9343443002042","颜色分类：绿松色 (秋冬季保暖款) 2.5TOG;长度：【尺码详询客服】M码：4.5-7.5kg（约1-6个月）","null","null","卖家已发货，等待买家确认","9343443002042",="null","173.63","173.63","没有申请退款","无退款申请","2022-02-12 13:33:19","2022-02-12 13:33:53"
="2463057252685915427",="2463057252685915427","lovetodream婴儿睡袋一体式分腿宝宝睡袋防踢被连体睡袋哈衣爬服","329.00","1","9343443100663","颜色分类：兔子花色;长度：【尺码详询客服】XL码：11-14kg (约12-18个月)","null","null","卖家已发货，等待买家确认","9343443100663",="null","258.00","258.00","没有申请退款","无退款申请","2022-02-12 13:26:02","2022-02-12 13:26:19"
="1485819264285667196",="1485819264285667196","Love to dream 新生婴儿睡袋襁褓防踢被四季通用防惊跳投降式睡袋","399.00","1","9343443000376","颜色分类：粉红色 (四季通用款) 1.0TOG;长度：【尺码详询客服】M码：4.5-7.5kg（约1-6个月）","null","null","卖家已发货，等待买家确认","9343443000376",="null","278.39","278.39","没有申请退款","无退款申请","2022-02-12 13:22:46","2022-02-12 13:23:02"
="2465112531412525357",="2465112531412525357","Love to dream 新生婴儿睡袋襁褓防踢被四季通用防惊跳投降式睡袋","399.00","1","9343443000376","颜色分类：粉红色 (四季通用款) 1.0TOG;长度：【尺码详询客服】M码：4.5-7.5kg（约1-6个月）","null","null","卖家已发货，等待买家确认","9343443000376",="null","287.00","287.00","没有申请退款","无退款申请","2022-02-12 13:12:31","2022-02-12 13:12:40"
="1486774131813291698",="1486774131813291698","Love to dream 婴儿睡袋襁褓四季通用款防踢被防惊跳投降式睡袋","509.00","1","9343443000833","颜色分类：灰色（四季通用款）1.0TOG;长度：【尺码详询客服】M码：6-8.5kg (约3-6个月)","null","null","卖家已发货，等待买家确认","9343443000833",="null","324.75","300.40","没有申请退款","无退款申请","2022-02-12 13:11:46","2022-02-12 13:11:52"
="2465109651372233072",="2465109651372233072","Love to dream 婴儿睡袋襁褓四季通用款防踢被防惊跳投降式睡袋","509.00","1","9343443004275","颜色分类：薄荷绿（四季通用款）1.0TOG;长度：【尺码详询客服】XL码：11-14kg (约9-12个月)","null","null","交易关闭","9343443004275",="null","365.26","365.26","退款成功","365.26","2022-02-12 13:11:12","2022-02-12 13:11:17"
="2465108463092963213",="2465108463092963213","Love to dream 新生婴儿睡袋襁褓防踢被四季通用防惊跳投降式睡袋","399.00","1","9343443000376","颜色分类：粉红色 (四季通用款) 1.0TOG;长度：【尺码详询客服】M码：4.5-7.5kg（约1-6个月）","null","null","卖家已发货，等待买家确认","9343443000376",="null","238.39","238.39","没有申请退款","无退款申请","2022-02-12 13:09:57","2022-02-12 13:10:14"
="1485805188973221084",="1485805188973221084","Love to dream 婴儿睡袋襁褓四季通用款防踢被防惊跳投降式睡袋","509.00","1","9343443000840","颜色分类：灰色（四季通用款）1.0TOG;长度：【尺码详询客服】L码：8.5-11kg (约6-9个月)","null","null","卖家已发货，等待买家确认","9343443000840",="null","315.02","291.40","没有申请退款","无退款申请","2022-02-12 13:03:29","2022-02-12 13:03:36"
="1486764339367429175",="1486764339367429175","Love to dream 新生婴儿睡袋襁褓防踢被四季通用防惊跳投降式睡袋","399.00","1","9343443000338","颜色分类：蓝色 (四季通用款) 1.0TOG;长度：【尺码详询客服】S码：2.5-4.5kg（约0-1个月）","null","null","卖家已发货，等待买家确认","9343443000338",="null","278.39","278.39","没有申请退款","无退款申请","2022-02-12 12:55:23","2022-02-12 12:55:35"
="2462969448208728867",="2462969448208728867","Love to dream 新生婴儿睡袋襁褓防踢被四季通用防惊跳投降式睡袋","399.00","1","9343443000376","颜色分类：粉红色 (四季通用款) 1.0TOG;长度：【尺码详询客服】M码：4.5-7.5kg（约1-6个月）","null","null","卖家已发货，等待买家确认","9343443000376",="null","287.00","287.00","没有申请退款","无退款申请","2022-02-12 12:44:06","2022-02-12 12:44:16"
="2464385978568463134",="2464385978568463134","Love to dream 新生婴儿睡袋襁褓防踢被四季通用防惊跳投降式睡袋","399.00","1","9343443000376","颜色分类：粉红色 (四季通用款) 1.0TOG;长度：【尺码详询客服】M码：4.5-7.5kg（约1-6个月）","null","null","交易关闭","9343443000376",="null","278.39","278.39","退款成功","278.39","2022-02-12 12:34:02","2022-02-12 12:34:08"
="2463949045074266372",="2463949045074266372","lovetodream新生婴儿襁褓期竹纤维宝宝薄睡袋防踢被防惊跳投降式","439.00","1","9343443100847","颜色分类：白色星星（竹纤维春夏轻薄款）0.2TOG;长度：【尺码详询客服】M：6-8.5kg (约3-6个月)","null","null","卖家已发货，等待买家确认","9343443100847",="null","286.52","286.52","没有申请退款","无退款申请","2022-02-12 11:57:25","2022-02-12 11:57:29"
="2463941449583337905",="2463941449583337905","Love to dream 新生婴儿睡袋襁褓防踢被四季通用防惊跳投降式睡袋","499.00","1","9343443005913","颜色分类：粉红色 (秋冬季保暖款) 2.5TOG;长度：【尺码详询客服】S码：2.5-4.5kg（约0-1个月）","null","null","卖家已发货，等待买家确认","9343443005913",="null","139.00","139.00","没有申请退款","无退款申请","2022-02-12 11:55:21","2022-02-12 11:55:40"
="1486707135294429175",="1486707135294429175","Love to dream 新生婴儿睡袋襁褓防踢被四季通用防惊跳投降式睡袋","399.00","1","9343443000376","颜色分类：粉红色 (四季通用款) 1.0TOG;长度：【尺码详询客服】M码：4.5-7.5kg（约1-6个月）","null","null","卖家已发货，等待买家确认","9343443000376",="null","278.39","278.39","没有申请退款","无退款申请","2022-02-12 11:42:12","2022-02-12 11:42:24"
="2464163174907049709",="2464163174907049709","Love to dream 新生婴儿睡袋襁褓防踢被四季通用防惊跳投降式睡袋","499.00","1","9343443002042","颜色分类：绿松色 (秋冬季保暖款) 2.5TOG;长度：【尺码详询客服】M码：4.5-7.5kg（约1-6个月）","null","null","卖家已发货，等待买家确认","9343443002042",="null","133.63","122.61","没有申请退款","无退款申请","2022-02-12 11:12:21","2022-02-12 11:12:30"
="2464077818641438738",="2464077818641438738","lovetodream婴儿睡袋儿童防踢被四季通款宝宝睡袋新生婴儿防惊跳","439.00","1","9343443102070","颜色分类：虎年老虎款(四季通用款) 1.0TOG;长度：【尺码详询客服】M码：6-8.5kg（约3-6个月）","null","null","卖家已发货，等待买家确认","9343443102070",="null","309.43","309.43","没有申请退款","无退款申请","2022-02-12 10:40:18","2022-02-12 10:40:22"
="2463692905873049006",="2463692905873049006","Love to dream 新生婴儿睡袋襁褓防踢被四季通用防惊跳投降式睡袋","499.00","1","9343443002257","颜色分类：浅紫色 (秋冬季保暖款) 2.5TOG;长度：【尺码详询客服】M码：4.5-7.5kg（约1-6个月）","null","null","卖家已发货，等待买家确认","9343443002257",="null","153.63","153.63","没有申请退款","无退款申请","2022-02-12 10:27:22","2022-02-12 10:27:26"
="2464046318696752532",="2464046318696752532","Love to dream 新生婴儿睡袋襁褓防踢被四季通用防惊跳投降式睡袋","499.00","1","9343443002042","颜色分类：绿松色 (秋冬季保暖款) 2.5TOG;长度：【尺码详询客服】M码：4.5-7.5kg（约1-6个月）","null","null","卖家已发货，等待买家确认","9343443002042",="null","173.63","173.63","没有申请退款","无退款申请","2022-02-12 10:26:34","2022-02-12 10:26:43"
="2464032206926211253",="2464032206926211253","lovetodream婴儿睡袋襁褓分腿睡袋四季通用款防惊跳投降式睡袋","499.00","1","9343443005487","颜色分类：灰色（四季通用款） 1.0TOG;长度：【建议大一码】XL码：11-14kg (约9-12个月)","null","null","卖家已发货，等待买家确认","9343443005487",="null","348.23","348.23","没有申请退款","无退款申请","2022-02-12 10:20:13","2022-02-12 10:20:15"
="2464014674554832666",="2464014674554832666","lovetodream婴儿睡袋儿童防踢被四季通款宝宝睡袋新生婴儿防惊跳","439.00","1","9343443102070","颜色分类：虎年老虎款(四季通用款) 1.0TOG;长度：【尺码详询客服】M码：6-8.5kg（约3-6个月）","null","早点发货 保证质量","卖家已发货，等待买家确认","9343443102070",="null","273.37","273.37","没有申请退款","无退款申请","2022-02-12 10:10:21","2022-02-12 10:11:19"
="1486569578067447991",="1486569578067447991","Love to dream 新生婴儿睡袋襁褓防踢被四季通用防惊跳投降式睡袋","399.00","1","9343443000321","颜色分类：灰色（四季通用款）1.0TOG;长度：【尺码详询客服】L码：7.5-10kg（约3-9个月）","null","null","交易成功","9343443000321",="null","283.64","283.64","没有申请退款","无退款申请","2022-02-12 10:06:16","2022-02-12 10:06:21"
="2463635377885049006",="2463635377885049006","Love to dream 新生婴儿睡袋襁褓防踢被四季通用防惊跳投降式睡袋","499.00","1","9343443002257","颜色分类：浅紫色 (秋冬季保暖款) 2.5TOG;长度：【尺码详询客服】M码：4.5-7.5kg（约1-6个月）","null","null","交易关闭","9343443002257",="null","173.63","173.63","退款成功","173.63","2022-02-12 10:00:18","2022-02-12 10:00:22"
="2464621131588692439",="2464621131588692439","Love to dream新生婴儿睡袋襁褓防踢被四季通用防惊跳投降式","399.00","1","9343443000376","颜色分类：粉红色 (四季通用款) 1.0TOG;长度：【蓝色m码暂不发货，勿拍】M码：6-8.5kg（约3-6个月）","null","null","交易关闭","9343443000376",="null","278.39","278.39","退款成功","278.39","2022-02-12 09:51:09","2022-02-12 09:51:14"
="2464617747791159805",="2464617747791159805","Love to dream 新生婴儿睡袋襁褓防踢被四季通用防惊跳投降式睡袋","499.00","1","9343443002257","颜色分类：浅紫色 (秋冬季保暖款) 2.5TOG;长度：【尺码详询客服】M码：4.5-7.5kg（约1-6个月）","null","null","卖家已发货，等待买家确认","9343443002257",="null","173.63","173.63","没有申请退款","无退款申请","2022-02-12 09:50:10","2022-02-12 09:50:22"
="2462533200042076862",="2462533200041076862","love to dream 婴儿睡袋春夏竹纤维轻薄款宝宝过渡期可拆袖防踢被","509.00","1","9343443101196","颜色分类：绿色星星(春夏季轻薄款) 0.2TOG;长度：【尺码详询客服】L码：8.5-11kg (约6-9个月)","null","null","卖家已发货，等待买家确认","9343443101196",="null","365.11","365.11","没有申请退款","无退款申请","2022-02-12 09:43:38","2022-02-12 09:43:48"
="2462533200043076862",="2462533200041076862","love to dream 婴儿睡袋春夏竹纤维轻薄款宝宝过渡期可拆袖防踢被","509.00","1","9343443005319","颜色分类：薄荷绿竹纤维 (春夏季轻薄款) 0.2TOG;长度：【尺码详询客服】L码：8.5-11kg (约6-9个月)","null","null","卖家已发货，等待买家确认","9343443005319",="null","365.12","365.12","没有申请退款","无退款申请","2022-02-12 09:43:38","2022-02-12 09:43:48"
="2462533200044076862",="2462533200041076862","lovetodream过渡期竹纤维四季通用款襁褓防惊跳投降式睡袋","509.00","1","9343443101721","颜色分类：灰色星月（竹纤维四季通用款）1.0TOG;长度：【尺码详询客服】L码：8.5-11kg (约6-9个月)","null","null","卖家已发货，等待买家确认","9343443101721",="null","365.11","365.11","没有申请退款","无退款申请","2022-02-12 09:43:38","2022-02-12 09:43:48"
="2462533200045076862",="2462533200041076862","lovetodream婴儿宝宝过渡期睡袋春夏轻薄款襁褓防惊跳投降式睡姿","509.00","1","9343443003902","颜色分类：水蓝色（春夏季轻薄款）0.2TOG;长度：【尺码详询客服】XL码：11-14kg (约9-12个月)","null","null","卖家已发货，等待买家确认","9343443003902",="null","365.12","365.12","没有申请退款","无退款申请","2022-02-12 09:43:38","2022-02-12 09:43:48"
="2464598847111828647",="2464598847111828647","Love to dream 婴儿睡袋襁褓四季通用款防踢被防惊跳投降式睡袋","509.00","1","9343443004060","颜色分类：粉红色 （四季通用款）1.0TOG;长度：【尺码详询客服】M码：6-8.5kg (约3-6个月)","null","null","卖家已发货，等待买家确认","9343443004060",="null","326.00","326.00","没有申请退款","无退款申请","2022-02-12 09:35:06","2022-02-12 09:35:11"
="2463567985162276210",="2463567985162276210","Love to dream 新生婴儿睡袋襁褓防踢被四季通用防惊跳投降式睡袋","399.00","1","9343443000376","颜色分类：粉红色 (四季通用款) 1.0TOG;长度：【尺码详询客服】M码：4.5-7.5kg（约1-6个月）","null","null","卖家已发货，等待买家确认","9343443000376",="null","287.00","287.00","没有申请退款","无退款申请","2022-02-12 09:14:49","2022-02-12 09:14:54"
="2463550921521728867",="2463550921521728867","Love to dream 新生婴儿睡袋襁褓防踢被四季通用防惊跳投降式睡袋","399.00","1","9343443000338","颜色分类：蓝色 (四季通用款) 1.0TOG;长度：【尺码详询客服】S码：2.5-4.5kg（约0-1个月）","null","null","交易关闭","9343443000338",="null","287.00","287.00","退款成功","287.00","2022-02-12 09:02:22","2022-02-12 09:02:32"
="2462460840859951436",="2462460840859951436","Love to dream 新生婴儿睡袋襁褓防踢被四季通用防惊跳投降式睡袋","399.00","1","9343443000321","颜色分类：灰色（四季通用款）1.0TOG;长度：【尺码详询客服】L码：7.5-10kg（约3-9个月）","null","null","卖家已发货，等待买家确认","9343443000321",="null","278.39","278.39","没有申请退款","无退款申请","2022-02-12 08:53:51","2022-02-12 08:53:59"
="2463878630543950317",="2463878630543950317","Love to dream 新生婴儿睡袋襁褓防踢被四季通用防惊跳投降式睡袋","499.00","1","9343443002042","颜色分类：绿松色 (秋冬季保暖款) 2.5TOG;长度：【尺码详询客服】M码：4.5-7.5kg（约1-6个月）","null","null","卖家已发货，等待买家确认","9343443002042",="null","153.63","153.63","没有申请退款","无退款申请","2022-02-12 08:32:33","2022-02-12 08:32:39"
="2463823766407248460",="2463823766407248460","Love to dream 新生婴儿睡袋襁褓防踢被四季通用防惊跳投降式睡袋","399.00","1","9343443000369","颜色分类：粉红色 (四季通用款) 1.0TOG;长度：【尺码详询客服】S码：2.5-4.5kg（约0-1个月）","null","null","卖家已发货，等待买家确认","9343443000369",="null","286.96","286.96","没有申请退款","无退款申请","2022-02-12 06:44:02","2022-02-12 06:44:10"
="2463816386930263438",="2463816386930263438","lovetodream婴儿宝宝过渡期睡袋春夏轻薄款襁褓防惊跳投降式睡姿","509.00","1","9343443006828","颜色分类：白色（春夏轻薄款）0.2TOG;长度：【尺码详询客服】XL码：11-14kg (约9-12个月)","null","null","卖家已发货，等待买家确认","9343443006828",="null","361.93","361.93","没有申请退款","无退款申请","2022-02-12 06:13:50","2022-02-12 06:13:53"
="1486507694083701484",="1486507694083701484","Love to dream 新生婴儿睡袋襁褓防踢被四季通用防惊跳投降式睡袋","399.00","1","9343443000307","颜色分类：灰色（四季通用款）1.0TOG;长度：【尺码详询客服】S码：2.5-4.5kg（约0-1个月）","null","null","卖家已发货，等待买家确认","9343443000307",="null","287.00","287.00","没有申请退款","无退款申请","2022-02-12 05:47:52","2022-02-12 05:47:57"
="2462360868310222264",="2462360868310222264","Love to dream 新生婴儿睡袋襁褓防踢被四季通用防惊跳投降式睡袋","499.00","1","9343443005920","颜色分类：粉红色 (秋冬季保暖款) 2.5TOG;长度：【尺码详询客服】M码：4.5-7.5kg（约1-6个月）","null","null","卖家已发货，等待买家确认","9343443005920",="null","173.63","173.63","没有申请退款","无退款申请","2022-02-12 02:54:24","2022-02-12 02:54:36"
="2464424607890742812",="2464424607890742812","Love to dream 新生婴儿睡袋襁褓防踢被四季通用防惊跳投降式睡袋","499.00","1","9343443002042","颜色分类：绿松色 (秋冬季保暖款) 2.5TOG;长度：【尺码详询客服】M码：4.5-7.5kg（约1-6个月）","null","null","卖家已发货，等待买家确认","9343443002042",="null","173.63","173.63","没有申请退款","无退款申请","2022-02-12 02:04:27","2022-02-12 02:04:46"
="2463417649602312221",="2463417649602312221","Love to dream 婴幼儿过渡期睡袋 秋冬季保暖款防惊跳投降式睡袋","539.00","1","9343443006033","颜色分类：浅紫色(秋冬季保暖款) 2.5TOG;长度：【尺码详询客服】L：8.5-11kg (约6-9个月)","null","null","卖家已发货，等待买家确认","9343443006033",="null","221.16","221.16","没有申请退款","无退款申请","2022-02-12 01:38:27","2022-02-12 01:38:32"
="2464404231627802350",="2464404231627802350","lovetodream婴儿睡袋儿童防踢被四季通款宝宝睡袋新生婴儿防惊跳","439.00","1","9343443102070","颜色分类：虎年老虎款(四季通用款) 1.0TOG;长度：【尺码详询客服】M码：6-8.5kg（约3-6个月）","null","null","卖家已发货，等待买家确认","9343443102070",="null","269.84","269.84","没有申请退款","无退款申请","2022-02-12 01:08:16","2022-02-12 01:08:21"
="2463715226575159858",="2463715226575159858","Love to dream 新生婴儿睡袋襁褓防踢被四季通用防惊跳投降式睡袋","399.00","1","9343443000321","颜色分类：灰色（四季通用款）1.0TOG;长度：【尺码详询客服】L码：7.5-10kg（约3-9个月）","null","null","卖家已发货，等待买家确认","9343443000321",="null","287.00","287.00","没有申请退款","无退款申请","2022-02-12 00:02:46","2022-02-12 00:02:53"
="2463706370955467424",="2463706370955467424","Love to dream 新生婴儿睡袋襁褓防踢被四季通用防惊跳投降式睡袋","399.00","1","9343443000321","颜色分类：灰色（四季通用款）1.0TOG;长度：【尺码详询客服】L码：7.5-10kg（约3-9个月）","null","null","卖家已发货，等待买家确认","9343443000321",="null","278.39","278.39","没有申请退款","无退款申请","2022-02-11 23:55:27","2022-02-11 23:55:40"
="2464327731234387856",="2464327731234387856","Love to dream 婴幼儿过渡期睡袋 秋冬季保暖款防惊跳投降式睡袋","539.00","1","9343443004749","颜色分类：薄荷绿 (秋冬季保暖款) 2.5TOG;长度：【尺码详询客服】L：8.5-11kg (约6-9个月)","null","null","卖家已发货，等待买家确认","9343443004749",="null","181.16","181.16","没有申请退款","无退款申请","2022-02-11 23:34:20","2022-02-11 23:34:44"
="2463291181699866353",="2463291181699866353","Love to dream 新生婴儿睡袋襁褓防踢被四季通用防惊跳投降式睡袋","499.00","1","9343443005920","颜色分类：粉红色 (秋冬季保暖款) 2.5TOG;长度：【尺码详询客服】M码：4.5-7.5kg（约1-6个月）","null","null","卖家已发货，等待买家确认","9343443005920",="null","139.00","139.00","没有申请退款","无退款申请","2022-02-11 23:05:21","2022-02-11 23:05:38"
="1486442318088256680",="1486442318088256680","Love to dream 婴儿睡袋襁褓四季通用款防踢被防惊跳投降式睡袋","509.00","1","9343443000833","颜色分类：灰色（四季通用款）1.0TOG;长度：【尺码详询客服】M码：6-8.5kg (约3-6个月)","null","null","卖家已发货，等待买家确认","9343443000833",="null","315.02","315.02","没有申请退款","无退款申请","2022-02-11 22:47:04","2022-02-11 22:47:09"
="2463262921407062257",="2463262921407062257","Love to dream 新生婴儿睡袋襁褓防踢被四季通用防惊跳投降式睡袋","399.00","1","9343443000376","颜色分类：粉红色 (四季通用款) 1.0TOG;长度：【尺码详询客服】M码：4.5-7.5kg（约1-6个月）","null","null","卖家已发货，等待买家确认","9343443000376",="null","248.39","248.39","没有申请退款","无退款申请","2022-02-11 22:43:59","2022-02-11 22:44:20"
="2464252635354828959",="2464252635354828959","Love to dream新生婴儿睡袋襁褓防踢被四季通用防惊跳投降式","399.00","1","9343443000376","颜色分类：粉红色 (四季通用款) 1.0TOG;长度：【蓝色m码暂不发货，勿拍】M码：6-8.5kg（约3-6个月）","null","直播间口水巾。","卖家已发货，等待买家确认","9343443000376",="null","228.39","228.39","没有申请退款","无退款申请","2022-02-11 22:38:43","2022-02-11 22:38:47"
="2464242447884885005",="2464242447884885005","Love to dream 新生婴儿睡袋襁褓防踢被四季通用防惊跳投降式睡袋","499.00","1","9343443005920","颜色分类：粉红色 (秋冬季保暖款) 2.5TOG;长度：【尺码详询客服】M码：4.5-7.5kg（约1-6个月）","null","null","卖家已发货，等待买家确认","9343443005920",="null","178.57","178.57","没有申请退款","无退款申请","2022-02-11 22:34:12","2022-02-11 22:34:18"
="1486501863915486591",="1486501863915486591","Love to dream 新生婴儿睡袋襁褓防踢被四季通用防惊跳投降式睡袋","399.00","1","9343443000376","颜色分类：粉红色 (四季通用款) 1.0TOG;长度：【尺码详询客服】M码：4.5-7.5kg（约1-6个月）","null","null","卖家已发货，等待买家确认","9343443000376",="null","246.47","246.47","没有申请退款","无退款申请","2022-02-11 22:31:03","2022-02-11 22:31:12"
="2462139360228306604",="2462139360228306604","Love to dream 婴儿睡袋襁褓四季通用款防踢被防惊跳投降式睡袋","509.00","1","9343443004268","颜色分类：薄荷绿（四季通用款）1.0TOG;长度：【尺码详询客服】L码：8.5-11kg (约6-9个月)","null","null","卖家已发货，等待买家确认","9343443004268",="null","364.56","364.56","没有申请退款","无退款申请","2022-02-11 22:14:55","2022-02-11 22:15:08"
="2463570218100324855",="2463570218100324855","Love to dream 新生婴儿睡袋襁褓防踢被四季通用防惊跳投降式睡袋","499.00","1","9343443005920","颜色分类：粉红色 (秋冬季保暖款) 2.5TOG;长度：【尺码详询客服】M码：4.5-7.5kg（约1-6个月）","null","null","卖家已发货，等待买家确认","9343443005920",="null","178.28","178.28","没有申请退款","无退款申请","2022-02-11 22:13:44","2022-02-11 22:13:51"
="2462132268563343027",="2462132268563343027","Love to dream 新生婴儿睡袋竹纤维轻薄款防踢被防惊跳投降式睡姿","439.00","1","9343443005333","颜色分类：灰色星月 (竹纤维四季通用款) 1.0TOG;长度：【尺码详询客服】S码：3.5-6kg（约1-3个月）","null","null","卖家已发货，等待买家确认","9343443005333",="null","266.52","266.52","没有申请退款","无退款申请","2022-02-11 22:12:25","2022-02-11 22:12:30"
="2463210901418116259",="2463210901418116259","Love to dream 新生婴儿睡袋襁褓防踢被四季通用防惊跳投降式睡袋","499.00","1","9343443002042","颜色分类：绿松色 (秋冬季保暖款) 2.5TOG;长度：【尺码详询客服】M码：4.5-7.5kg（约1-6个月）","null","null","卖家已发货，等待买家确认","9343443002042",="null","173.63","173.63","没有申请退款","无退款申请","2022-02-11 22:11:09","2022-02-11 22:11:17"
="2462129100454486556",="2462129100454486556","Love to dream 新生婴儿睡袋襁褓防踢被四季通用防惊跳投降式睡袋","499.00","1","9343443002042","颜色分类：绿松色 (秋冬季保暖款) 2.5TOG;长度：【尺码详询客服】M码：4.5-7.5kg（约1-6个月）","null","null","卖家已发货，等待买家确认","9343443002042",="null","173.63","173.63","没有申请退款","无退款申请","2022-02-11 22:10:03","2022-02-11 22:10:14"
="1486421618849286596",="1486421618849286596","Love to dream 新生婴儿睡袋襁褓防踢被四季通用防惊跳投降式睡袋","499.00","1","9343443002042","颜色分类：绿松色 (秋冬季保暖款) 2.5TOG;长度：【尺码详询客服】M码：4.5-7.5kg（约1-6个月）","null","null","卖家已发货，等待买家确认","9343443002042",="null","173.63","173.63","没有申请退款","无退款申请","2022-02-11 22:08:30","2022-02-11 22:08:44"
="1486387669427516098",="1486387669427516098","Love to dream 新生婴儿睡袋襁褓防踢被四季通用防惊跳投降式睡袋","399.00","1","9343443000376","颜色分类：粉红色 (四季通用款) 1.0TOG;长度：【尺码详询客服】M码：4.5-7.5kg（约1-6个月）","null","null","卖家已发货，等待买家确认","9343443000376",="null","280.67","280.67","没有申请退款","无退款申请","2022-02-11 22:04:42","2022-02-11 22:04:47"
="2463543902375387334",="2463543902375387334","Love to dream 新生婴儿睡袋襁褓防踢被四季通用防惊跳投降式睡袋","399.00","1","9343443000376","颜色分类：粉红色 (四季通用款) 1.0TOG;长度：【尺码详询客服】M码：4.5-7.5kg（约1-6个月）","null","null","交易关闭","9343443000376",="null","285.55","285.55","退款成功","285.55","2022-02-11 21:58:22","2022-02-11 21:58:29"
="2463495230956765931",="2463495230956765931","Love to dream 新生婴儿睡袋襁褓防踢被四季通用防惊跳投降式睡袋","499.00","1","9343443005920","颜色分类：粉红色 (秋冬季保暖款) 2.5TOG;长度：【尺码详询客服】M码：4.5-7.5kg（约1-6个月）","null","null","卖家已发货，等待买家确认","9343443005920",="null","173.63","173.63","没有申请退款","无退款申请","2022-02-11 21:32:56","2022-02-11 21:33:01"
="2463140161475664510",="2463140161475664510","Love to dream 新生婴儿睡袋襁褓防踢被四季通用防惊跳投降式睡袋","399.00","1","9343443100953","颜色分类：蓝色 (四季通用款) 1.0TOG;长度：【尺码详询客服】L码：7.5-10kg（约3-9个月）","null","null","卖家已发货，等待买家确认","9343443100953",="null","284.67","284.67","没有申请退款","无退款申请","2022-02-11 21:30:27","2022-02-11 21:30:46"
="2462044464073241839",="2462044464073241839","Love to dream 新生婴儿睡袋襁褓防踢被四季通用防惊跳投降式睡袋","499.00","1","9343443002042","颜色分类：绿松色 (秋冬季保暖款) 2.5TOG;长度：【尺码详询客服】M码：4.5-7.5kg（约1-6个月）","null","null","卖家已发货，等待买家确认","9343443002042",="null","173.63","173.63","没有申请退款","无退款申请","2022-02-11 21:20:51","2022-02-11 21:21:01"
="2462032080034347904",="2462032080034347904","love to dream 婴儿睡袋春夏竹纤维轻薄款宝宝过渡期可拆袖防踢被","509.00","1","9343443005319","颜色分类：薄荷绿竹纤维 (春夏季轻薄款) 0.2TOG;长度：【尺码详询客服】L码：8.5-11kg (约6-9个月)","null","null","卖家已发货，等待买家确认","9343443005319",="null","366.00","366.00","卖家拒绝退款","0.00","2022-02-11 21:14:25","2022-02-11 21:14:30"
="2463096025948645222",="2463096025948645222","Love to dream 新生婴儿睡袋襁褓防踢被四季通用防惊跳投降式睡袋","499.00","1","9343443004787","颜色分类：灰色（秋冬季保暖款）2.5TOG;长度：【尺码详询客服】L码：7.5-10kg（约3-9个月）","null","null","卖家已发货，等待买家确认","9343443004787",="null","173.63","160.61","没有申请退款","无退款申请","2022-02-11 21:08:54","2022-02-11 21:08:59"
="2463095449429620013",="2463095449429620013","Love to dream 婴儿睡袋襁褓四季通用款防踢被防惊跳投降式睡袋","509.00","1","9343443000833","颜色分类：灰色（四季通用款）1.0TOG;长度：【尺码详询客服】M码：6-8.5kg (约3-6个月)","null","null","卖家已发货，等待买家确认","9343443000833",="null","315.02","315.02","没有申请退款","无退款申请","2022-02-11 21:06:45","2022-02-11 21:06:48"
="2463086161158751666",="2463086161158751666","Love to dream 婴儿睡袋襁褓四季通用款防踢被防惊跳投降式睡袋","509.00","1","9343443000833","颜色分类：灰色（四季通用款）1.0TOG;长度：【尺码详询客服】M码：6-8.5kg (约3-6个月)","null","null","卖家已发货，等待买家确认","9343443000833",="null","335.06","335.06","没有申请退款","无退款申请","2022-02-11 21:01:12","2022-02-11 21:01:17"
="2461996332162247258",="2461996332162247258","Love to dream 新生婴儿睡袋襁褓防踢被四季通用防惊跳投降式睡袋","399.00","1","9343443000376","颜色分类：粉红色 (四季通用款) 1.0TOG;长度：【尺码详询客服】M码：4.5-7.5kg（约1-6个月）","null","null","卖家已发货，等待买家确认","9343443000376",="null","284.66","284.66","没有申请退款","无退款申请","2022-02-11 20:56:37","2022-02-11 20:56:46"
="2464071807139141360",="2464071807138141360","Love to dream 新生婴儿睡袋襁褓防踢被四季通用防惊跳投降式睡袋","499.00","1","9343443005913","颜色分类：粉红色 (秋冬季保暖款) 2.5TOG;长度：【尺码详询客服】S码：2.5-4.5kg（约0-1个月）","null","null","卖家已发货，等待买家确认","9343443005913",="null","159.76","159.76","没有申请退款","无退款申请","2022-02-11 20:55:28","2022-02-11 20:55:34"
="2464071807140141360",="2464071807138141360","Love to dream 新生婴儿睡袋襁褓防踢被四季通用防惊跳投降式睡袋","399.00","1","9343443000338","颜色分类：蓝色 (四季通用款) 1.0TOG;长度：【尺码详询客服】S码：2.5-4.5kg（约0-1个月）","null","null","卖家已发货，等待买家确认","9343443000338",="null","256.14","256.14","没有申请退款","无退款申请","2022-02-11 20:55:28","2022-02-11 20:55:34"
="2463422258663314668",="2463422258663314668","Love to dream 新生婴儿睡袋襁褓防踢被四季通用防惊跳投降式睡袋","499.00","1","9343443002042","颜色分类：绿松色 (秋冬季保暖款) 2.5TOG;长度：【尺码详询客服】M码：4.5-7.5kg（约1-6个月）","null","null","卖家已发货，等待买家确认","9343443002042",="null","177.99","177.99","没有申请退款","无退款申请","2022-02-11 20:52:28","2022-02-11 20:52:33"
="2464029183254532668",="2464029183254532668","Love to dream 新生婴儿睡袋襁褓防踢被四季通用防惊跳投降式睡袋","399.00","1","9343443000376","颜色分类：粉红色 (四季通用款) 1.0TOG;长度：【尺码详询客服】M码：4.5-7.5kg（约1-6个月）","null","null","卖家已发货，等待买家确认","9343443000376",="null","278.39","278.39","没有申请退款","无退款申请","2022-02-11 20:34:20","2022-02-11 20:34:33"
="1486431987884112685",="1486431987884112685","Love to dream 婴儿睡袋襁褓四季通用款防踢被防惊跳投降式睡袋","509.00","1","9343443004268","颜色分类：薄荷绿（四季通用款）1.0TOG;长度：【尺码详询客服】L码：8.5-11kg (约6-9个月)","null","null","卖家已发货，等待买家确认","9343443004268",="null","355.02","355.02","没有申请退款","无退款申请","2022-02-11 20:24:32","2022-02-11 20:24:51"
="1486363550123524496",="1486363550123524496","Love to dream 新生婴儿睡袋襁褓防踢被四季通用防惊跳投降式睡袋","499.00","1","9343443005920","颜色分类：粉红色 (秋冬季保暖款) 2.5TOG;长度：【尺码详询客服】M码：4.5-7.5kg（约1-6个月）","null","null","卖家已发货，等待买家确认","9343443005920",="null","175.66","175.66","没有申请退款","无退款申请","2022-02-11 20:23:48","2022-02-11 20:24:09"
="2461918464872198762",="2461918464872198762","Love to dream 新生婴儿睡袋襁褓防踢被四季通用防惊跳投降式睡袋","399.00","1","9343443000376","颜色分类：粉红色 (四季通用款) 1.0TOG;长度：【尺码详询客服】M码：4.5-7.5kg（约1-6个月）","null","null","卖家已发货，等待买家确认","9343443000376",="null","238.39","238.39","没有申请退款","无退款申请","2022-02-11 20:20:28","2022-02-11 20:20:45"
="2463352670275204769",="2463352670275204769","Love to dream 新生婴儿睡袋襁褓防踢被四季通用防惊跳投降式睡袋","399.00","1","9343443000376","颜色分类：粉红色 (四季通用款) 1.0TOG;长度：【尺码详询客服】M码：4.5-7.5kg（约1-6个月）","null","null","交易关闭","9343443000376",="null","263.09","263.09","退款成功","263.09","2022-02-11 20:16:50","2022-02-11 20:16:55"
="2463988107475310417",="2463988107475310417","Love to dream 新生婴儿睡袋襁褓防踢被四季通用防惊跳投降式睡袋","399.00","1","9343443000338","颜色分类：蓝色 (四季通用款) 1.0TOG;长度：【尺码详询客服】S码：2.5-4.5kg（约0-1个月）","null","null","卖家已发货，等待买家确认","9343443000338",="null","285.16","285.16","没有申请退款","无退款申请","2022-02-11 20:14:01","2022-02-11 20:14:05"
="2463977919171026268",="2463977919171026268","Love to dream 新生婴儿睡袋襁褓防踢被四季通用防惊跳投降式睡袋","399.00","1","9343443000376","颜色分类：粉红色 (四季通用款) 1.0TOG;长度：【尺码详询客服】M码：4.5-7.5kg（约1-6个月）","null","null","卖家已发货，等待买家确认","9343443000376",="null","265.41","265.41","没有申请退款","无退款申请","2022-02-11 20:08:27","2022-02-11 20:08:30"
="1486349114462756088",="1486349114462756088","Love to dream 新生婴儿睡袋襁褓防踢被四季通用防惊跳投降式睡袋","499.00","1","9343443002264","颜色分类：浅紫色 (秋冬季保暖款) 2.5TOG;长度：【尺码详询客服】L码：7.5-10kg（约3-9个月）","null","null","卖家已发货，等待买家确认","9343443002264",="null","173.63","173.63","没有申请退款","无退款申请","2022-02-11 20:01:55","2022-02-11 20:01:59"
="1486315921356757292",="1486315921356757292","Love to dream 新生婴儿睡袋襁褓防踢被四季通用防惊跳投降式睡袋","399.00","1","9343443000307","颜色分类：灰色（四季通用款）1.0TOG;长度：【尺码详询客服】S码：2.5-4.5kg（约0-1个月）","null","null","卖家已发货，等待买家确认","9343443000307",="null","286.94","286.94","没有申请退款","无退款申请","2022-02-11 19:55:57","2022-02-11 19:56:02"
="2463943467814684768",="2463943467814684768","Love to dream 婴儿睡袋襁褓四季通用款防踢被防惊跳投降式睡袋","509.00","1","9343443000833","颜色分类：灰色（四季通用款）1.0TOG;长度：【尺码详询客服】M码：6-8.5kg (约3-6个月)","null","null","卖家已发货，等待买家确认","9343443000833",="null","362.05","362.05","没有申请退款","无退款申请","2022-02-11 19:54:30","2022-02-11 19:54:34"
="1485444036400943086",="1485444036400943086","lovetodream婴儿睡袋过渡期独立睡眠期四季通用款防踢被分腿睡袋","569.00","1","9343443005630","颜色分类：白色（四季通用款）1.0 TOG;长度：【建议大一码】Size 2码：24-36个月","null","null","卖家已发货，等待买家确认","9343443005630",="null","244.06","244.06","没有申请退款","无退款申请","2022-02-11 19:49:14","2022-02-11 19:49:19"
="2463269834014789858",="2463269834014789858","Love to dream 新生婴儿睡袋襁褓防踢被四季通用防惊跳投降式睡袋","499.00","1","9343443002042","颜色分类：绿松色 (秋冬季保暖款) 2.5TOG;长度：【尺码详询客服】M码：4.5-7.5kg（约1-6个月）","null","null","卖家已发货，等待买家确认","9343443002042",="null","178.19","178.19","没有申请退款","无退款申请","2022-02-11 19:35:23","2022-02-11 19:35:29"
="1486388535521379196",="1486388535521379196","Love to dream 新生婴儿睡袋竹纤维轻薄款防踢被防惊跳投降式睡姿","439.00","1","9343443005333","颜色分类：灰色星月 (竹纤维四季通用款) 1.0TOG;长度：【尺码详询客服】S码：3.5-6kg（约1-3个月）","null","null","卖家已发货，等待买家确认","9343443005333",="null","315.08","315.08","没有申请退款","无退款申请","2022-02-11 19:11:32","2022-02-11 19:11:38"
="2462851369543290600",="2462851369543290600","Love to dream 新生婴儿睡袋竹纤维轻薄款防踢被防惊跳投降式睡姿","439.00","1","9343443005340","颜色分类：灰色星月 (竹纤维四季通用款) 1.0TOG;长度：【尺码详询客服】M码：6-8.5kg（约3-6个月）","null","null","卖家已发货，等待买家确认","9343443005340",="null","296.00","296.00","没有申请退款","无退款申请","2022-02-11 19:05:50","2022-02-11 19:06:17"
="2463204962435161657",="2463204962435161657","Love to dream 新生婴儿睡袋襁褓防踢被四季通用防惊跳投降式睡袋","399.00","1","9343443000338","颜色分类：蓝色 (四季通用款) 1.0TOG;长度：【尺码详询客服】S码：2.5-4.5kg（约0-1个月）","null","null","卖家已发货，等待买家确认","9343443000338",="null","244.13","244.13","没有申请退款","无退款申请","2022-02-11 19:04:24","2022-02-11 19:04:33"
="2463205034370290600",="2463205034370290600","Love to dream 新生婴儿睡袋竹纤维轻薄款防踢被防惊跳投降式睡姿","439.00","1","9343443005333","颜色分类：灰色星月 (竹纤维四季通用款) 1.0TOG;长度：【尺码详询客服】S码：3.5-6kg（约1-3个月）","null","null","卖家已发货，等待买家确认","9343443005333",="null","276.00","276.00","没有申请退款","无退款申请","2022-02-11 19:04:22","2022-02-11 19:04:26"
="2463822363835290600",="2463822363835290600","Love to dream 新生婴儿睡袋竹纤维轻薄款防踢被防惊跳投降式睡姿","439.00","1","9343443005333","颜色分类：灰色星月 (竹纤维四季通用款) 1.0TOG;长度：【尺码详询客服】S码：3.5-6kg（约1-3个月）","null","null","交易关闭","9343443005333",="null","310.29","310.29","退款成功","310.29","2022-02-11 18:54:40","2022-02-11 18:54:44"
="2462820877093290600",="2462820877093290600","Love to dream 新生婴儿睡袋竹纤维轻薄款防踢被防惊跳投降式睡姿","439.00","1","9343443005340","颜色分类：灰色星月 (竹纤维四季通用款) 1.0TOG;长度：【尺码详询客服】M码：6-8.5kg（约3-6个月）","null","null","交易关闭","9343443005340",="null","306.52","306.52","退款成功","306.52","2022-02-11 18:51:04","2022-02-11 18:51:08"
="2461728672744395448",="2461728672744395448","Love to dream 新生婴儿睡袋襁褓防踢被四季通用防惊跳投降式睡袋","399.00","1","9343443000376","颜色分类：粉红色 (四季通用款) 1.0TOG;长度：【尺码详询客服】M码：4.5-7.5kg（约1-6个月）","null","null","卖家已发货，等待买家确认","9343443000376",="null","287.00","287.00","没有申请退款","无退款申请","2022-02-11 18:47:54","2022-02-11 18:48:06"
="2463159242880017318",="2463159242880017318","Love to dream 新生婴儿睡袋襁褓防踢被四季通用防惊跳投降式睡袋","399.00","1","9343443000307","颜色分类：灰色（四季通用款）1.0TOG;长度：【尺码详询客服】S码：2.5-4.5kg（约0-1个月）","null","null","卖家已发货，等待买家确认","9343443000307",="null","238.39","238.39","没有申请退款","无退款申请","2022-02-11 18:42:59","2022-02-11 18:43:12"
="2463157478914605750",="2463157478914605750","Love to dream 新生婴儿睡袋襁褓防踢被四季通用防惊跳投降式睡袋","399.00","1","9343443000376","颜色分类：粉红色 (四季通用款) 1.0TOG;长度：【尺码详询客服】M码：4.5-7.5kg（约1-6个月）","null","null","卖家已发货，等待买家确认","9343443000376",="null","281.66","281.66","没有申请退款","无退款申请","2022-02-11 18:42:54","2022-02-11 18:42:57"
="2463786831535151504",="2463786831535151504","Love to dream 婴儿睡袋襁褓四季通用款防踢被防惊跳投降式睡袋","509.00","1","9343443000857","颜色分类：灰色（四季通用款）1.0TOG;长度：【尺码详询客服】XL码：11-14kg (约9-12个月)","null","null","卖家已发货，等待买家确认","9343443000857",="null","355.02","355.02","没有申请退款","无退款申请","2022-02-11 18:38:41","2022-02-11 18:38:46"
="2463109166219798207",="2463109166219798207","lovetodream过渡期竹纤维四季通用款襁褓防惊跳投降式睡袋","509.00","1","9343443101714","颜色分类：灰色星月（竹纤维四季通用款）1.0TOG;长度：【尺码详询客服】M码：6-8.5kg (约3-6个月)","null","null","卖家已发货，等待买家确认","9343443101714",="null","335.02","335.02","没有申请退款","无退款申请","2022-02-11 18:19:11","2022-02-11 18:19:47"
="2462748013500941262",="2462748013500941262","Love to dream 新生婴儿睡袋襁褓防踢被四季通用防惊跳投降式睡袋","499.00","1","9343443002257","颜色分类：浅紫色 (秋冬季保暖款) 2.5TOG;长度：【尺码详询客服】M码：4.5-7.5kg（约1-6个月）","null","口水巾","卖家已发货，等待买家确认","9343443002257",="null","173.63","173.63","没有申请退款","无退款申请","2022-02-11 18:18:16","2022-02-11 18:18:21"
="1486277258631504693",="1486277258631504693","Love to dream 新生婴儿睡袋襁褓防踢被四季通用防惊跳投降式睡袋","499.00","1","9343443002042","颜色分类：绿松色 (秋冬季保暖款) 2.5TOG;长度：【尺码详询客服】M码：4.5-7.5kg（约1-6个月）","null","null","卖家已发货，等待买家确认","9343443002042",="null","133.63","133.63","没有申请退款","无退款申请","2022-02-11 18:07:14","2022-02-11 18:07:19"
="1486242301762248993",="1486242301761248993","Love to dream 新生婴儿睡袋襁褓防踢被四季通用防惊跳投降式睡袋","499.00","1","9343443002042","颜色分类：绿松色 (秋冬季保暖款) 2.5TOG;长度：【尺码详询客服】M码：4.5-7.5kg（约1-6个月）","null","null","卖家已发货，等待买家确认","9343443002042",="null","162.22","162.22","没有申请退款","无退款申请","2022-02-11 18:01:07","2022-02-11 18:01:19"
="1486242301763248993",="1486242301761248993","lovetodream婴儿睡袋儿童防踢被四季通款宝宝睡袋新生婴儿防惊跳","439.00","1","9343443102070","颜色分类：虎年老虎款(四季通用款) 1.0TOG;长度：【尺码详询客服】M码：6-8.5kg（约3-6个月）","null","null","卖家已发货，等待买家确认","9343443102070",="null","289.11","289.11","没有申请退款","无退款申请","2022-02-11 18:01:07","2022-02-11 18:01:19"
="2463060602757919719",="2463060602757919719","lovetodream新生婴儿宝宝襁褓期睡袋夏季薄款防惊跳投降式睡姿","399.00","1","9343443006965","颜色分类：粉色星空（春夏轻薄款）0.2TOG;长度：【尺码详询客服】M码：6-8.5kg (约3-6个月)","null","null","卖家已发货，等待买家确认","9343443006965",="null","238.39","238.39","没有申请退款","无退款申请","2022-02-11 17:58:27","2022-02-11 17:58:36"
="2463662343437833153",="2463662343437833153","Love to dream 新生婴儿睡袋竹纤维轻薄款防踢被防惊跳投降式睡姿","439.00","1","9343443005340","颜色分类：灰色星月 (竹纤维四季通用款) 1.0TOG;长度：【尺码详询客服】M码：6-8.5kg（约3-6个月）","null","null","卖家已发货，等待买家确认","9343443005340",="null","307.11","307.11","没有申请退款","无退款申请","2022-02-11 17:40:04","2022-02-11 17:40:08"
="2463660471537059656",="2463660471537059656","lovetodream新生婴儿宝宝襁褓期睡袋夏季薄款防惊跳投降式睡姿","399.00","1","9343443007979","颜色分类：蓝色星空（春夏轻薄款）0.2TOG;长度：【尺码详询客服】S码：3.5-6kg (约1-3个月)","null","null","卖家已发货，等待买家确认","9343443007979",="null","278.39","278.39","没有申请退款","无退款申请","2022-02-11 17:39:59","2022-02-11 17:40:04"
="2461522464032787525",="2461522464032787525","Love to dream 新生婴儿睡袋竹纤维轻薄款防踢被防惊跳投降式睡姿","439.00","1","9343443005340","颜色分类：灰色星月 (竹纤维四季通用款) 1.0TOG;长度：【尺码详询客服】M码：6-8.5kg（约3-6个月）","null","null","卖家已发货，等待买家确认","9343443005340",="null","306.52","306.52","没有申请退款","无退款申请","2022-02-11 17:12:18","2022-02-11 17:12:25"
="2461513824766464442",="2461513824766464442","Love to dream 新生婴儿睡袋襁褓防踢被四季通用防惊跳投降式睡袋","499.00","1","9343443005951","颜色分类：蓝色（秋冬季保暖款）2.5TOG;长度：【尺码详询客服】M码：4.5-7.5kg（约1-6个月）","null","null","卖家已发货，等待买家确认","9343443005951",="null","139.00","139.00","没有申请退款","无退款申请","2022-02-11 17:10:44","2022-02-11 17:10:49"
="2462950298815685222",="2462950298815685222","Love to dream 新生婴儿睡袋襁褓防踢被四季通用防惊跳投降式睡袋","499.00","1","9343443002264","颜色分类：浅紫色 (秋冬季保暖款) 2.5TOG;长度：【尺码详询客服】L码：7.5-10kg（约3-9个月）","null","null","交易成功","9343443002264",="null","133.63","133.63","没有申请退款","无退款申请","2022-02-11 17:09:16","2022-02-11 17:09:20"
="2462947238425211271",="2462947238425211271","Love to dream 新生婴儿睡袋襁褓防踢被四季通用防惊跳投降式睡袋","399.00","1","9343443000376","颜色分类：粉红色 (四季通用款) 1.0TOG;长度：【尺码详询客服】M码：4.5-7.5kg（约1-6个月）","null","null","卖家已发货，等待买家确认","9343443000376",="null","245.93","245.93","没有申请退款","无退款申请","2022-02-11 17:06:26","2022-02-11 17:06:29"
="1485335352519685180",="1485335352519685180","Love to dream 新生婴儿睡袋襁褓防踢被四季通用防惊跳投降式睡袋","499.00","1","9343443005920","颜色分类：粉红色 (秋冬季保暖款) 2.5TOG;长度：【尺码详询客服】M码：4.5-7.5kg（约1-6个月）","null","null","卖家已发货，等待买家确认","9343443005920",="null","179.00","179.00","没有申请退款","无退款申请","2022-02-11 17:01:54","2022-02-11 17:02:36"
="1486221458393739595",="1486221458393739595","Love to dream 新生婴儿睡袋襁褓防踢被四季通用防惊跳投降式睡袋","499.00","1","9343443005951","颜色分类：蓝色（秋冬季保暖款）2.5TOG;长度：【尺码详询客服】M码：4.5-7.5kg（约1-6个月）","null","null","卖家已发货，等待买家确认","9343443005951",="null","139.00","139.00","没有申请退款","无退款申请","2022-02-11 16:44:01","2022-02-11 16:44:07"
="2462856518515986452",="2462856518515986452","Love to dream 婴儿睡袋襁褓四季通用款防踢被防惊跳投降式睡袋","509.00","1","9343443004084","颜色分类：粉红色 （四季通用款）1.0TOG;长度：【尺码详询客服】XL码：11-14kg (约9-12个月)","null","null","卖家已发货，等待买家确认","9343443004084",="null","325.08","325.08","没有申请退款","无退款申请","2022-02-11 16:25:43","2022-02-11 16:25:53"
="2461413528769036405",="2461413528769036405","Love to dream 新生婴儿睡袋襁褓防踢被四季通用防惊跳投降式睡袋","399.00","1","9343443000376","颜色分类：粉红色 (四季通用款) 1.0TOG;长度：【尺码详询客服】M码：4.5-7.5kg（约1-6个月）","null","null","卖家已发货，等待买家确认","9343443000376",="null","238.39","238.39","没有申请退款","无退款申请","2022-02-11 16:22:44","2022-02-11 16:22:53"
="2461369824283565209",="2461369824283565209","lovetodream婴儿襁褓期睡袋防踢被防惊跳投降式睡姿四季通用","439.00","1","9343443000444","颜色分类：奶白色（有机棉四季通用款）1.0TOG-非设计师系列;长度：【预售10.28号发货 尺码详询客服】L码：8.5-11kg (约至6个月)","null","null","卖家已发货，等待买家确认","9343443000444",="null","315.14","315.14","没有申请退款","无退款申请","2022-02-11 16:01:07","2022-02-11 16:03:14"
="1486157665980598697",="1486157665980598697","Love to dream 新生婴儿睡袋襁褓防踢被四季通用防惊跳投降式睡袋","499.00","1","9343443005951","颜色分类：蓝色（秋冬季保暖款）2.5TOG;长度：【尺码详询客服】M码：4.5-7.5kg（约1-6个月）","null","null","卖家已发货，等待买家确认","9343443005951",="null","133.63","123.61","没有申请退款","无退款申请","2022-02-11 15:57:15","2022-02-11 15:57:18"
="2463429135712647339",="2463429135712647339","lovetodream过渡期竹纤维四季通用款襁褓防惊跳投降式睡袋","509.00","1","9343443101714","颜色分类：灰色星月（竹纤维四季通用款）1.0TOG;长度：【尺码详询客服】M码：6-8.5kg (约3-6个月)","null","null","卖家已发货，等待买家确认","9343443101714",="null","355.02","355.02","买家已经退货，等待卖家确认收货","0.00","2022-02-11 15:52:38","2022-02-11 15:52:41"
="2463371031803876646",="2463371031803876646","Love to dream 新生婴儿睡袋襁褓防踢被四季通用防惊跳投降式睡袋","399.00","1","9343443000369","颜色分类：粉红色 (四季通用款) 1.0TOG;长度：【尺码详询客服】S码：2.5-4.5kg（约0-1个月）","null","null","卖家已发货，等待买家确认","9343443000369",="null","286.86","286.86","没有申请退款","无退款申请","2022-02-11 15:23:16","2022-02-11 15:23:21"
="2463367827138830525",="2463367827138830525","Love to dream 婴儿睡袋襁褓四季通用款防踢被防惊跳投降式睡袋","509.00","1","9343443000833","颜色分类：灰色（四季通用款）1.0TOG;长度：【尺码详询客服】M码：6-8.5kg (约3-6个月)","null","null","卖家已发货，等待买家确认","9343443000833",="null","319.92","319.92","卖家拒绝退款","0.00","2022-02-11 15:19:44","2022-02-11 15:19:50"
="2462339809093269556",="2462339809093269556","Love to dream 新生婴儿睡袋襁褓防踢被四季通用防惊跳投降式睡袋","499.00","1","9343443005913","颜色分类：粉红色 (秋冬季保暖款) 2.5TOG;长度：【尺码详询客服】S码：2.5-4.5kg（约0-1个月）","null","null","卖家已发货，等待买家确认","9343443005913",="null","173.63","173.63","没有申请退款","无退款申请","2022-02-11 15:05:32","2022-02-11 15:05:38"
="2462666726836022971",="2462666726836022971","Love to dream 婴儿睡袋襁褓四季通用款防踢被防惊跳投降式睡袋","509.00","1","9343443004251","颜色分类：薄荷绿（四季通用款）1.0TOG;长度：【尺码详询客服】M码：6-8.5kg (约3-6个月)","null","null","交易成功","9343443004251",="null","315.02","315.02","没有申请退款","无退款申请","2022-02-11 14:52:55","2022-02-11 14:53:02"
="2463273975169586627",="2463273975169586627","Love to dream 新生婴儿睡袋襁褓防踢被四季通用防惊跳投降式睡袋","499.00","1","9343443004787","颜色分类：灰色（秋冬季保暖款）2.5TOG;长度：【尺码详询客服】L码：7.5-10kg（约3-9个月）","null","null","卖家已发货，等待买家确认","9343443004787",="null","133.63","133.63","没有申请退款","无退款申请","2022-02-11 14:35:32","2022-02-11 14:35:36"
="2463262491343490605",="2463262491343490605","Love to dream 新生婴儿睡袋襁褓防踢被四季通用防惊跳投降式睡袋","399.00","1","9343443000369","颜色分类：粉红色 (四季通用款) 1.0TOG;长度：【尺码详询客服】S码：2.5-4.5kg（约0-1个月）","null","null","卖家已发货，等待买家确认","9343443000369",="null","278.39","278.39","没有申请退款","无退款申请","2022-02-11 14:30:44","2022-02-11 14:30:50"
="1486209831065603978",="1486209831065603978","Love to dream 新生婴儿睡袋竹纤维轻薄款防踢被防惊跳投降式睡姿","439.00","1","9343443005333","颜色分类：灰色星月 (竹纤维四季通用款) 1.0TOG;长度：【尺码详询客服】S码：3.5-6kg（约1-3个月）","null","null","卖家已发货，等待买家确认","9343443005333",="null","316.00","316.00","没有申请退款","无退款申请","2022-02-11 14:27:05","2022-02-11 14:27:16"
="2461169340929338723",="2461169340929338723","Love to dream 婴儿睡袋襁褓四季通用款防踢被防惊跳投降式睡袋","509.00","1","9343443000833","颜色分类：灰色（四季通用款）1.0TOG;长度：【尺码详询客服】M码：6-8.5kg (约3-6个月)","null","null","卖家已发货，等待买家确认","9343443000833",="null","335.85","335.85","没有申请退款","无退款申请","2022-02-11 14:25:13","2022-02-11 14:25:18"
="1486207671166754083",="1486207671166754083","Love to dream 新生婴儿睡袋襁褓防踢被四季通用防惊跳投降式睡袋","399.00","1","9343443000376","颜色分类：粉红色 (四季通用款) 1.0TOG;长度：【尺码详询客服】M码：4.5-7.5kg（约1-6个月）","null","null","卖家已发货，等待买家确认","9343443000376",="null","287.00","287.00","没有申请退款","无退款申请","2022-02-11 14:24:13","2022-02-11 14:24:28"
="1486084369271060076",="1486084369271060076","Love to dream 婴儿睡袋襁褓四季通用款防踢被防惊跳投降式睡袋","509.00","1","9343443000840","颜色分类：灰色（四季通用款）1.0TOG;长度：【尺码详询客服】L码：8.5-11kg (约6-9个月)","null","null","卖家已发货，等待买家确认","9343443000840",="null","355.02","355.02","没有申请退款","无退款申请","2022-02-11 13:56:37","2022-02-11 13:56:43"
="2463154887956213945",="2463154887956213945","Love to dream 新生婴儿睡袋襁褓防踢被四季通用防惊跳投降式睡袋","499.00","1","9343443002042","颜色分类：绿松色 (秋冬季保暖款) 2.5TOG;长度：【尺码详询客服】M码：4.5-7.5kg（约1-6个月）","null","null","卖家已发货，等待买家确认","9343443002042",="null","173.63","173.63","没有申请退款","无退款申请","2022-02-11 13:39:46","2022-02-11 13:39:50"
="1485210180572055597",="1485210180571055597","Love to dream 新生婴儿睡袋襁褓防踢被四季通用防惊跳投降式睡袋","399.00","1","9343443000369","颜色分类：粉红色 (四季通用款) 1.0TOG;长度：【尺码详询客服】S码：2.5-4.5kg（约0-1个月）","null","null","卖家已发货，等待买家确认","9343443000369",="null","278.39","278.39","没有申请退款","无退款申请","2022-02-11 13:37:11","2022-02-11 13:37:18"
="1485210180573055597",="1485210180571055597","lovetodream婴儿睡袋儿童防踢被四季通款宝宝睡袋新生婴儿防惊跳","439.00","1","9343443102063","颜色分类：虎年老虎款(四季通用款) 1.0TOG;长度：【尺码详询客服】S码：3.5-6kg（约1-3个月）","null","null","卖家已发货，等待买家确认","9343443102063",="null","309.43","309.43","没有申请退款","无退款申请","2022-02-11 13:37:11","2022-02-11 13:37:18"
="2463098547938758955",="2463098547938758955","Love to dream 新生婴儿睡袋襁褓防踢被四季通用防惊跳投降式睡袋","499.00","1","9343443002042","颜色分类：绿松色 (秋冬季保暖款) 2.5TOG;长度：【尺码详询客服】M码：4.5-7.5kg（约1-6个月）","null","null","卖家已发货，等待买家确认","9343443002042",="null","173.63","173.63","没有申请退款","无退款申请","2022-02-11 13:10:47","2022-02-11 13:10:53"
="2461009068189217915",="2461009068189217915","Love to dream 新生婴儿睡袋竹纤维轻薄款防踢被防惊跳投降式睡姿","439.00","1","9343443009584","颜色分类：灰色波点(竹纤维四季通用款) 1.0TOG;长度：【尺码详询客服】M码：6-8.5kg（约3-6个月）","null","null","卖家已发货，等待买家确认","9343443009584",="null","315.65","315.65","没有申请退款","无退款申请","2022-02-11 13:02:08","2022-02-11 13:04:43"
="1486049377083055597",="1486049377082055597","Love to dream 新生婴儿睡袋襁褓防踢被四季通用防惊跳投降式睡袋","499.00","1","9343443005920","颜色分类：粉红色 (秋冬季保暖款) 2.5TOG;长度：【尺码详询客服】M码：4.5-7.5kg（约1-6个月）","null","null","交易关闭","9343443005920",="null","173.63","173.63","退款成功","173.63","2022-02-11 12:57:12","2022-02-11 12:57:22"
="1486049377084055597",="1486049377082055597","Love to dream 新生婴儿睡袋襁褓防踢被四季通用防惊跳投降式睡袋","499.00","1","9343443002257","颜色分类：浅紫色 (秋冬季保暖款) 2.5TOG;长度：【尺码详询客服】M码：4.5-7.5kg（约1-6个月）","null","null","交易关闭","9343443002257",="null","173.63","173.63","退款成功","173.63","2022-02-11 12:57:12","2022-02-11 12:57:22"
="1486079690585247582",="1486079690585247582","Love to dream 新生婴儿睡袋襁褓防踢被四季通用防惊跳投降式睡袋","499.00","1","9343443002042","颜色分类：绿松色 (秋冬季保暖款) 2.5TOG;长度：【尺码详询客服】M码：4.5-7.5kg（约1-6个月）","null","null","卖家已发货，等待买家确认","9343443002042",="null","178.50","178.50","没有申请退款","无退款申请","2022-02-11 12:52:19","2022-02-11 12:52:24"
="2460987936886811315",="2460987936886811315","Love to dream 新生婴儿睡袋襁褓防踢被四季通用防惊跳投降式睡袋","399.00","1","9343443000369","颜色分类：粉红色 (四季通用款) 1.0TOG;长度：【尺码详询客服】S码：2.5-4.5kg（约0-1个月）","null","null","卖家已发货，等待买家确认","9343443000369",="null","278.39","278.39","没有申请退款","无退款申请","2022-02-11 12:52:07","2022-02-11 12:52:12"
="2462051341147246404",="2462051341147246404","Love to dream新生婴儿睡袋襁褓防踢被四季通用防惊跳投降式","399.00","1","9343443000321","颜色分类：灰色（四季通用款）1.0TOG;长度：【尺码详询客服】L码：8.5-11kg（约至6个月）","null","null","卖家已发货，等待买家确认","9343443000321",="null","282.00","282.00","没有申请退款","无退款申请","2022-02-11 12:45:36","2022-02-11 12:45:41"
="2462359538821999066",="2462359538821999066","lovetodream婴儿睡袋一体式分腿宝宝睡袋防踢被连体睡袋哈衣爬服","329.00","1","9343443100663","颜色分类：兔子花色;长度：【尺码详询客服】XL码：11-14kg (约12-18个月)","null","null","卖家已发货，等待买家确认","9343443100663",="null","257.56","257.56","没有申请退款","无退款申请","2022-02-11 12:24:23","2022-02-11 12:24:32"
="2462988495296863443",="2462988495296863443","love to dream 婴儿睡袋春夏竹纤维轻薄款宝宝过渡期可拆袖防踢被","509.00","1","9343443005302","颜色分类：薄荷绿竹纤维 (春夏季轻薄款) 0.2TOG;长度：【尺码详询客服】M码：6-8.5kg (约3-6个月)","null","null","卖家已发货，等待买家确认","9343443005302",="null","366.00","366.00","没有申请退款","无退款申请","2022-02-11 12:18:31","2022-02-11 12:18:37"
="2462324330295226600",="2462324330294226600","Love to dream 新生婴儿睡袋襁褓防踢被四季通用防惊跳投降式睡袋","399.00","1","9343443100953","颜色分类：蓝色 (四季通用款) 1.0TOG;长度：【尺码详询客服】L码：7.5-10kg（约3-9个月）","null","null","卖家已发货，等待买家确认","9343443100953",="null","287.00","287.00","没有申请退款","无退款申请","2022-02-11 12:08:02","2022-02-11 12:08:09"
="2462324330296226600",="2462324330294226600","Love to dream 新生婴儿睡袋襁褓防踢被四季通用防惊跳投降式睡袋","499.00","1","9343443005920","颜色分类：粉红色 (秋冬季保暖款) 2.5TOG;长度：【尺码详询客服】M码：4.5-7.5kg（约1-6个月）","null","null","卖家已发货，等待买家确认","9343443005920",="null","179.00","179.00","没有申请退款","无退款申请","2022-02-11 12:08:02","2022-02-11 12:08:09"
="1486105323832195683",="1486105323832195683","Love to dream 新生婴儿睡袋襁褓防踢被四季通用防惊跳投降式睡袋","499.00","1","9343443002257","颜色分类：浅紫色 (秋冬季保暖款) 2.5TOG;长度：【尺码详询客服】M码：4.5-7.5kg（约1-6个月）","null","null","卖家已发货，等待买家确认","9343443002257",="null","175.05","175.05","没有申请退款","无退款申请","2022-02-11 11:54:32","2022-02-11 11:54:37"
="2460845124151242329",="2460845124150242329","lovetodream过渡期竹纤维四季通用款襁褓防惊跳投降式睡袋","509.00","1","9343443003995","颜色分类：灰色几何（竹纤维四季通用款）1.0TOG;长度：【尺码详询客服】XL码：11-14kg (约9-12个月)","null","null","卖家已发货，等待买家确认","9343443003995",="null","363.34","363.34","没有申请退款","无退款申请","2022-02-11 11:49:38","2022-02-11 11:58:44"
="2460845124152242329",="2460845124150242329","Love to dream 婴儿睡袋襁褓四季通用款防踢被防惊跳投降式睡袋","509.00","1","9343443004077","颜色分类：粉红色 （四季通用款）1.0TOG;长度：【尺码详询客服】L码：8.5-11kg (约6-9个月)","null","null","卖家已发货，等待买家确认","9343443004077",="null","363.34","363.34","没有申请退款","无退款申请","2022-02-11 11:49:38","2022-02-11 11:58:44"
="2460845124153242329",="2460845124150242329","lovetodream婴儿睡袋儿童防踢被四季通款宝宝睡袋新生婴儿防惊跳","439.00","1","9343443102070","颜色分类：虎年老虎款(四季通用款) 1.0TOG;长度：【尺码详询客服】M码：6-8.5kg（约3-6个月）","null","null","卖家已发货，等待买家确认","9343443102070",="null","316.69","316.69","没有申请退款","无退款申请","2022-02-11 11:49:38","2022-02-11 11:58:44"
="2460844800098640016",="2460844800098640016","Love to dream 新生婴儿睡袋襁褓防踢被四季通用防惊跳投降式睡袋","399.00","1","9343443100915","颜色分类：粉红色 (四季通用款) 1.0TOG;长度：【尺码详询客服】L码：7.5-10kg（约3-9个月）","null","null","卖家已发货，等待买家确认","9343443100915",="null","258.39","258.39","卖家已经同意退款，等待买家退货","0.00","2022-02-11 11:49:21","2022-02-11 11:49:25"
="2462864799302006565",="2462864799302006565","Love to dream 新生婴儿睡袋竹纤维轻薄款防踢被防惊跳投降式睡姿","439.00","1","9343443005340","颜色分类：灰色星月 (竹纤维四季通用款) 1.0TOG;长度：【尺码详询客服】M码：6-8.5kg（约3-6个月）","null","null","卖家已发货，等待买家确认","9343443005340",="null","286.52","286.52","没有申请退款","无退款申请","2022-02-11 11:32:26","2022-02-11 11:32:47"
="2460705192291005944",="2460705192291005944","Love to dream 婴儿睡袋襁褓四季通用款防踢被防惊跳投降式睡袋","509.00","1","9343443000833","颜色分类：灰色（四季通用款）1.0TOG;长度：【尺码详询客服】M码：6-8.5kg (约3-6个月)","null","null","卖家已发货，等待买家确认","9343443000833",="null","366.00","366.00","没有申请退款","无退款申请","2022-02-11 11:05:45","2022-02-11 11:05:49"
="2460700728363427220",="2460700728363427220","Lovetodream 新生婴儿防惊跳睡袋宝宝襁褓投降式防踢被四季通用款","399.00","1","9343443000376","颜色分类：粉红色 (四季通用款) 1.0TOG;长度：【尺码详询客服】M码：4.5-7.5kg（约1-6个月）","null","null","卖家已发货，等待买家确认","9343443000376",="null","285.32","285.32","没有申请退款","无退款申请","2022-02-11 11:04:35","2022-02-11 11:04:43"
="2460660588969381815",="2460660588969381815","Love to dream 婴儿睡袋襁褓四季通用款防踢被防惊跳投降式睡袋","509.00","1","9343443000840","颜色分类：灰色（四季通用款）1.0TOG;长度：【尺码详询客服】L码：8.5-11kg (约6-9个月)","null","null","卖家已发货，等待买家确认","9343443000840",="null","364.60","364.60","没有申请退款","无退款申请","2022-02-11 10:53:02","2022-02-11 10:53:13"
="2462034206805822564",="2462034206805822564","Love to dream 新生婴儿睡袋襁褓防踢被四季通用防惊跳投降式睡袋","499.00","1","9343443002257","颜色分类：浅紫色 (秋冬季保暖款) 2.5TOG;长度：【尺码详询客服】M码：4.5-7.5kg（约1-6个月）","null","null","卖家已发货，等待买家确认","9343443002257",="null","178.97","178.97","没有申请退款","无退款申请","2022-02-11 10:27:36","2022-02-11 10:27:53"
="1485914629993460477",="1485914629993460477","Love to dream 新生婴儿睡袋襁褓防踢被四季通用防惊跳投降式睡袋","499.00","1","9343443002264","颜色分类：浅紫色 (秋冬季保暖款) 2.5TOG;长度：【尺码详询客服】L码：7.5-10kg（约3-9个月）","null","null","卖家已发货，等待买家确认","9343443002264",="null","173.63","173.63","没有申请退款","无退款申请","2022-02-11 10:21:38","2022-02-11 10:21:51"
="2460534012780762734",="2460534012780762734","Love to dream 新生婴儿睡袋襁褓防踢被四季通用防惊跳投降式睡袋","499.00","1","9343443002042","颜色分类：绿松色 (秋冬季保暖款) 2.5TOG;长度：【尺码详询客服】M码：4.5-7.5kg（约1-6个月）","null","null","卖家已发货，等待买家确认","9343443002042",="null","173.63","173.63","没有申请退款","无退款申请","2022-02-11 09:55:33","2022-02-11 09:55:38"
="2461606309499351071",="2461606309499351071","lovetodream婴儿睡袋襁褓分腿睡袋四季通用款防惊跳投降式睡袋","499.00","1","9343443005500","颜色分类：粉红色（四季通用款） 1.0TOG;长度：【建议大一码】L码：8.5-11kg (约6-9个月)","null","null","卖家已发货，等待买家确认","9343443005500",="null","359.00","359.00","没有申请退款","无退款申请","2022-02-11 09:50:39","2022-02-11 09:50:42"
="2462592891160343320",="2462592891160343320","Love to dream 新生婴儿睡袋襁褓防踢被四季通用防惊跳投降式睡袋","399.00","1","9343443000321","颜色分类：灰色（四季通用款）1.0TOG;长度：【尺码详询客服】L码：7.5-10kg（约3-9个月）","null","null","卖家已发货，等待买家确认","9343443000321",="null","238.39","238.39","没有申请退款","无退款申请","2022-02-11 09:46:14","2022-02-11 09:46:26"
="2461939670521097829",="2461939670521097829","Love to dream 新生婴儿睡袋竹纤维轻薄款防踢被防惊跳投降式睡姿","439.00","1","9343443009584","颜色分类：灰色波点(竹纤维四季通用款) 1.0TOG;长度：【尺码详询客服】M码：6-8.5kg（约3-6个月）","null","null","卖家已发货，等待买家确认","9343443009584",="null","274.29","274.29","没有申请退款","无退款申请","2022-02-11 09:32:40","2022-02-11 09:32:48"
="2462551887207885373",="2462551887207885373","Love to dream 新生婴儿睡袋襁褓防踢被四季通用防惊跳投降式睡袋","399.00","1","9343443000376","颜色分类：粉红色 (四季通用款) 1.0TOG;长度：【尺码详询客服】M码：4.5-7.5kg（约1-6个月）","null","null","交易成功","9343443000376",="null","278.39","278.39","没有申请退款","无退款申请","2022-02-11 09:19:19","2022-02-11 09:19:24"
="2460464964081761245",="2460464964081761245","Love to dream 新生婴儿睡袋襁褓防踢被四季通用防惊跳投降式睡袋","499.00","1","9343443004787","颜色分类：灰色（秋冬季保暖款）2.5TOG;长度：【尺码详询客服】L码：7.5-10kg（约3-9个月）","null","null","卖家已发货，等待买家确认","9343443004787",="null","159.00","159.00","没有申请退款","无退款申请","2022-02-11 09:04:26","2022-02-11 09:04:29"
="2462527227204375065",="2462527227204375065","Love to dream 新生婴儿睡袋襁褓防踢被四季通用防惊跳投降式睡袋","399.00","1","9343443000321","颜色分类：灰色（四季通用款）1.0TOG;长度：【尺码详询客服】L码：7.5-10kg（约3-9个月）","null","null","卖家已发货，等待买家确认","9343443000321",="null","238.39","238.39","没有申请退款","无退款申请","2022-02-11 09:01:58","2022-02-11 09:02:04"
="2462518911928416655",="2462518911928416655","Love to dream 新生婴儿睡袋襁褓防踢被四季通用防惊跳投降式睡袋","399.00","1","9343443000321","颜色分类：灰色（四季通用款）1.0TOG;长度：【尺码详询客服】L码：7.5-10kg（约3-9个月）","null","null","卖家已发货，等待买家确认","9343443000321",="null","287.00","287.00","没有申请退款","无退款申请","2022-02-11 08:57:08","2022-02-11 08:57:14"
="2461857986555925105",="2461857986555925105","Love to dream 新生婴儿睡袋襁褓防踢被四季通用防惊跳投降式睡袋","499.00","1","9343443005913","颜色分类：粉红色 (秋冬季保暖款) 2.5TOG;长度：【尺码详询客服】S码：2.5-4.5kg（约0-1个月）","null","null","卖家已发货，等待买家确认","9343443005913",="null","133.63","133.63","没有申请退款","无退款申请","2022-02-11 08:24:21","2022-02-11 08:24:28"
="2462460735821723152",="2462460735821723152","Love to dream 新生婴儿睡袋襁褓防踢被四季通用防惊跳投降式睡袋","499.00","1","9343443005951","颜色分类：蓝色（秋冬季保暖款）2.5TOG;长度：【尺码详询客服】M码：4.5-7.5kg（约1-6个月）","null","null","卖家已发货，等待买家确认","9343443005951",="null","153.63","153.63","没有申请退款","无退款申请","2022-02-11 08:18:11","2022-02-11 08:18:16"
="1485963699715766795",="1485963699714766795","Love to dream 婴儿襁褓睡袋过渡期可拆袖春季款分腿式睡袋","499.00","1","9343443006675","颜色分类：白色 (春夏轻薄款) 0.2TOG;长度：【尺码详询客服】XL码：11-14kg (约9-12个月)","null","null","卖家已发货，等待买家确认","9343443006675",="null","353.00","353.00","没有申请退款","无退款申请","2022-02-11 07:52:43","2022-02-11 07:52:48"
="1485963699716766795",="1485963699714766795","lovetodream婴儿睡袋襁褓分腿睡袋四季通用款防惊跳投降式睡袋","499.00","1","9343443005487","颜色分类：灰色（四季通用款） 1.0TOG;长度：【建议大一码】XL码：11-14kg (约9-12个月)","null","null","卖家已发货，等待买家确认","9343443005487",="null","353.00","353.00","没有申请退款","无退款申请","2022-02-11 07:52:43","2022-02-11 07:52:48"
="2462449683240673244",="2462449683240673244","lovetodream新生婴儿宝宝襁褓期睡袋夏季薄款防惊跳投降式睡姿","399.00","1","9343443006873","颜色分类：灰色星空（春夏轻薄款）0.2TOG;长度：【尺码详询客服】S码：3.5-6kg (约1-3个月)","null","null","卖家已发货，等待买家确认","9343443006873",="null","238.39","238.39","没有申请退款","无退款申请","2022-02-11 07:23:09","2022-02-11 07:23:14"
="2460378852696118558",="2460378852696118558","Love to dream 新生婴儿睡袋襁褓防踢被四季通用防惊跳投降式睡袋","499.00","1","9343443005951","颜色分类：蓝色（秋冬季保暖款）2.5TOG;长度：【尺码详询客服】M码：4.5-7.5kg（约1-6个月）","null","null","卖家已发货，等待买家确认","9343443005951",="null","133.63","133.63","没有申请退款","无退款申请","2022-02-11 07:20:01","2022-02-11 07:20:07"
="2462446227266058909",="2462446227266058909","Love to dream 新生婴儿睡袋襁褓防踢被四季通用防惊跳投降式睡袋","499.00","1","9343443005920","颜色分类：粉红色 (秋冬季保暖款) 2.5TOG;长度：【尺码详询客服】M码：4.5-7.5kg（约1-6个月）","null","null","卖家已发货，等待买家确认","9343443005920",="null","177.95","177.95","没有申请退款","无退款申请","2022-02-11 07:13:23","2022-02-11 07:15:06"
="2461818134261483346",="2461818134261483346","Love to dream 新生婴儿睡袋襁褓防踢被四季通用防惊跳投降式睡袋","399.00","1","9343443000338","颜色分类：蓝色 (四季通用款) 1.0TOG;长度：【尺码详询客服】S码：2.5-4.5kg（约0-1个月）","null","null","卖家已发货，等待买家确认","9343443000338",="null","238.39","238.39","没有申请退款","无退款申请","2022-02-11 07:12:17","2022-02-11 07:12:26"
="2460372156040410145",="2460372156040410145","Love to dream 新生婴儿睡袋襁褓防踢被四季通用防惊跳投降式睡袋","499.00","1","9343443002042","颜色分类：绿松色 (秋冬季保暖款) 2.5TOG;长度：【尺码详询客服】M码：4.5-7.5kg（约1-6个月）","null","null","卖家已发货，等待买家确认","9343443002042",="null","153.63","153.63","没有申请退款","无退款申请","2022-02-11 06:44:31","2022-02-11 06:44:35"
="2461446793107862103",="2461446793107862103","Love to dream 新生婴儿睡袋襁褓防踢被四季通用防惊跳投降式睡袋","399.00","1","9343443000376","颜色分类：粉红色 (四季通用款) 1.0TOG;长度：【尺码详询客服】M码：4.5-7.5kg（约1-6个月）","null","null","卖家已发货，等待买家确认","9343443000376",="null","286.89","286.89","没有申请退款","无退款申请","2022-02-11 06:30:54","2022-02-11 06:31:04"
="2460366576264510101",="2460366576264510101","Love to dream 新生婴儿睡袋襁褓防踢被四季通用防惊跳投降式睡袋","399.00","1","9343443000369","颜色分类：粉红色 (四季通用款) 1.0TOG;长度：【尺码详询客服】S码：2.5-4.5kg（约0-1个月）","null","null","卖家已发货，等待买家确认","9343443000369",="null","278.39","278.39","没有申请退款","无退款申请","2022-02-11 06:18:29","2022-02-11 06:18:34"
="1484987340107876299",="1484987340107876299","lovetodream过渡期竹纤维四季通用款襁褓防惊跳投降式睡袋","509.00","1","9343443101714","颜色分类：灰色星月（竹纤维四季通用款）1.0TOG;长度：【尺码详询客服】M码：6-8.5kg (约3-6个月)","null","null","卖家已发货，等待买家确认","9343443101714",="null","365.94","365.94","没有申请退款","无退款申请","2022-02-11 05:10:38","2022-02-11 05:10:45"
="2461782962823190768",="2461782962823190768","Love to dream 新生婴儿睡袋襁褓防踢被四季通用防惊跳投降式睡袋","499.00","1","9343443005951","颜色分类：蓝色（秋冬季保暖款）2.5TOG;长度：【尺码详询客服】M码：4.5-7.5kg（约1-6个月）","null","null","卖家已发货，等待买家确认","9343443005951",="null","133.63","133.63","没有申请退款","无退款申请","2022-02-11 03:09:07","2022-02-11 03:09:11"
="2462397411858024228",="2462397411858024228","Love to dream 新生婴儿睡袋襁褓防踢被四季通用防惊跳投降式睡袋","399.00","1","9343443000321","颜色分类：灰色（四季通用款）1.0TOG;长度：【尺码详询客服】L码：7.5-10kg（约3-9个月）","null","null","交易关闭","9343443000321",="null","285.33","285.33","退款成功","285.33","2022-02-11 02:04:33","2022-02-11 02:04:38"
="2461773314210319003",="2461773314210319003","Love to dream 婴幼儿过渡期睡袋 秋冬季保暖款防惊跳投降式睡袋","539.00","1","9343443006026","颜色分类：浅紫色(秋冬季保暖款) 2.5TOG;长度：【尺码详询客服】M码：6-8.5kg (约3-6个月)","null","null","卖家已发货，等待买家确认","9343443006026",="null","386.28","386.28","没有申请退款","无退款申请","2022-02-11 01:57:07","2022-02-11 01:57:20"
="2462397699026722631",="2462397699026722631","Love to dream 新生婴儿睡袋襁褓防踢被四季通用防惊跳投降式睡袋","499.00","1","9343443004787","颜色分类：灰色（秋冬季保暖款）2.5TOG;长度：【尺码详询客服】L码：7.5-10kg（约3-9个月）","null","null","卖家已发货，等待买家确认","9343443004787",="null","133.63","123.61","没有申请退款","无退款申请","2022-02-11 01:48:32","2022-02-11 01:48:49"
="2460309048038547300",="2460309048038547300","Love to dream 新生婴儿睡袋襁褓防踢被四季通用防惊跳投降式睡袋","499.00","1","9343443005951","颜色分类：蓝色（秋冬季保暖款）2.5TOG;长度：【尺码详询客服】M码：4.5-7.5kg（约1-6个月）","null","null","卖家已发货，等待买家确认","9343443005951",="null","173.63","173.63","没有申请退款","无退款申请","2022-02-11 00:56:55","2022-02-11 00:57:10"
="2461365721819725933",="2461365721819725933","Love to dream 新生婴儿睡袋襁褓防踢被四季通用防惊跳投降式睡袋","399.00","1","9343443000376","颜色分类：粉红色 (四季通用款) 1.0TOG;长度：【尺码详询客服】M码：4.5-7.5kg（约1-6个月）","null","null","卖家已发货，等待买家确认","9343443000376",="null","238.39","218.73","没有申请退款","无退款申请","2022-02-11 00:31:13","2022-02-11 00:31:21"
